This molecule is insoluble in water.	CCCCCCCCCCCCCCCCOP(=O)(O)Oc1ccc(C=Cc2ccc(OP(=O)(O)OCCCCCCCCCCCCCCCC)cc2)cc1	CCCCCCCCCCCCCCCCCCOP(=O)(O)Oc1ccc(C=Cc2ccc(O[PH](O)(O)O)cc2)cc1	CCCCCCCCCCCCCCCCCO[PH](O)(O)Oc1ccc(C=Cc2ccc(O[PH](O)(O)O)cc2)cc1	10.0
This molecule is insoluble in water.	CCCCCCCCCCCCCCCCOP(=O)(O)Oc1ccc(C=Cc2ccc(OP(=O)(O)OCCCCCCCCCCCCCCCC)cc2)cc1	CCCCCCCCCCCCCCCCCCOP(=O)(O)Oc1ccc(C=Cc2ccc(O[PH](O)(O)O)cc2)cc1	c1c(OC)ccc(C=c2ccc(O[C@@H]3CCCO[C@H]3C=C)cc2)c1OP(O)(O)=O	1.0
This molecule is insoluble in water.	CCCCCCCCCCCCCCCCOP(=O)(O)Oc1ccc(C=Cc2ccc(OP(=O)(O)OCCCCCCCCCCCCCCCC)cc2)cc1	CCCCCCCCCCCCCCCCCCOP(=O)(O)Oc1ccc(C=Cc2ccc(O[PH](O)(O)O)cc2)cc1	CCCCCCCC[C@H](O)Oc1cc(OC)ccc1C=Cc1ccc(O[PH](O)(O)O)cc1	0.1
This molecule is insoluble in water.	CCCCCCCCCCCCCCCCOP(=O)(O)Oc1ccc(C=Cc2ccc(OP(=O)(O)OCCCCCCCCCCCCCCCC)cc2)cc1	CCCCCCCCCCCCCCCCCCOP(=O)(O)Oc1ccc(C=Cc2ccc(O[PH](O)(O)O)cc2)cc1	c1cc(O[C@H]2CCOC2=O)ccc(O[C@H]2OP(O)(O)(O)(=O)O)c2ccc(O)n2)c1O[C@H]2O[C@H](O)OC=O	0.01
This molecule is insoluble in water.	CCCCCCCCCCCCCCCCOP(=O)(O)Oc1ccc(C=Cc2ccc(OP(=O)(O)OCCCCCCCCCCCCCCCC)cc2)cc1	CCCCCCCCCCCCCCCCCCOP(=O)(O)Oc1ccc(C=Cc2ccc(O[PH](O)(O)O)cc2)cc1	c1cc(O[C@H]2OP(O)(=O)O)cc2c1O[C@H]2OP(O)(O)(O)O)O[C@H]2O[C@H](O)OCCCCCCCCCCCCCCCCCC=C=CO	0.001
This molecule is insoluble in water.	CC(CCNCCCCCCCCCCSCCCCCCCCCCCCCCCCC=CN=Cc1ccccc1CCCC(C)Oc1cccc(O)c1CCCCCOO)CCSP	COC(=O)CCC1=C(C#CC(CCCCCCCCCCCCCCCCCCCCCCO)=NNC(=O)CCCCOC(C)C)C=C1C	CC(C)OCC1=C(CCCCCCCCCCCCCCCCCCCCCC(C#N)=NNC(=O)CCC(C)(C)C)C=C1CCC#N	10.0
This molecule is insoluble in water.	CC(CCNCCCCCCCCCCSCCCCCCCCCCCCCCCCC=CN=Cc1ccccc1CCCC(C)Oc1cccc(O)c1CCCCCOO)CCSP	COC(=O)CCC1=C(C#CC(CCCCCCCCCCCCCCCCCCCCCCO)=NNC(=O)CCCCOC(C)C)C=C1C	CCCCCCSCCCCCCCn1c(N=C2CC(C)(C)CO2)nnc1SCc1ccccc1	1.0
This molecule is insoluble in water.	CC(CCNCCCCCCCCCCSCCCCCCCCCCCCCCCCC=CN=Cc1ccccc1CCCC(C)Oc1cccc(O)c1CCCCCOO)CCSP	COC(=O)CCC1=C(C#CC(CCCCCCCCCCCCCCCCCCCCCCO)=NNC(=O)CCCCOC(C)C)C=C1C	COCN1C(=N)N(c2ccccc2)N(Cc2ccccc2COC(C)C)C(=N)N(C)C1=S	0.1
This molecule is insoluble in water.	CC(CCNCCCCCCCCCCSCCCCCCCCCCCCCCCCC=CN=Cc1ccccc1CCCC(C)Oc1cccc(O)c1CCCCCOO)CCSP	COC(=O)CCC1=C(C#CC(CCCCCCCCCCCCCCCCCCCCCCO)=NNC(=O)CCCCOC(C)C)C=C1C	C(C(=O)O)(C)(C)n1nnnn1=S)n2=S)n2nnn(COC/C(=C/O)n2=S)n2=O	0.01
This molecule is insoluble in water.	CC(CCNCCCCCCCCCCSCCCCCCCCCCCCCCCCC=CN=Cc1ccccc1CCCC(C)Oc1cccc(O)c1CCCCCOO)CCSP	COC(=O)CCC1=C(C#CC(CCCCCCCCCCCCCCCCCCCCCCO)=NNC(=O)CCCCOC(C)C)C=C1C	C(C(=O)O)(=O)n1c(=S)n2nnnn2CO[C@H]2OC(=O)n2)n(=O)n1CO[C@H]2COC(=O)O[C@H]2=Br)(=O)(=O)O	0.001
This molecule is insoluble in water.	CCCCCCCCc1ccccc1CCCCCSCCCCCCCCCCCCCCCC=CN=C=CC=CC=CCCCC(C)Oc1cccc(S)c1CCCCCOPCCOO	C(CCCCCCCCCCCCC#CC(=O)N=CC=C)CCCCCCCOC(=O)C#CC(=O)C#CC(=O)C#CC#CCC=C#C#CCC=CC(=C)c1=C#N1=CCCC1=CCCC1=C1=CC1=CC=C#CCCC(=CCCC#CCC#N1=C#N1=CCCCCCCCCC#CCCC#CCCCC(=C(=C#N1=CCCCCCCCCC#C#C(=C#C#C#C(=C#C(=C#N1=C(=CCCC(=C(=CC(=C(=CCCC(=CCCCC(=CCC(=C(=C(=C#C#NC#NC#NCCCCCCC(=C(=C(=C(=CCC(=C#C#C(=C(=C(C(C(=C(C(CCC(=C#C#C(=C(CCCCC(=CCCC#N1=C#N1=CCCCC(=CCCCCC(=C(=C#NC(=CCCCC(=C(=C(=C(=C(=C(=C(=C(=C(=C(=C(=CCCCC(=C(=C(=CCCC(=CCCCCCC(=CCCCC(C(=C(=C(=C(=C(C(=C(=C(=C(=C(=C(=C(=C(=C(C#NC#NCCCCCCCCCCCCCCC(=C(=CCCC(=C(=CCCCCC	C(CCCCCCCCCCC#CC(=O)N=CC=C)n1c(SCCCCCCCCCCCC#N)nc(CCCCCCCCC#N)c1=O	10.0
This molecule is insoluble in water.	CCCCCCCCc1ccccc1CCCCCSCCCCCCCCCCCCCCCC=CN=C=CC=CC=CCCCC(C)Oc1cccc(S)c1CCCCCOPCCOO	C(CCCCCCCCCCCCC#CC(=O)N=CC=C)CCCCCCCOC(=O)C#CC(=O)C#CC(=O)C#CC#CCC=C#C#CCC=CC(=C)c1=C#N1=CCCC1=CCCC1=C1=CC1=CC=C#CCCC(=CCCC#CCC#N1=C#N1=CCCCCCCCCC#CCCC#CCCCC(=C(=C#N1=CCCCCCCCCC#C#C(=C#C#C#C(=C#C(=C#N1=C(=CCCC(=C(=CC(=C(=CCCC(=CCCCC(=CCC(=C(=C(=C#C#NC#NC#NCCCCCCC(=C(=C(=C(=CCC(=C#C#C(=C(=C(C(C(=C(C(CCC(=C#C#C(=C(CCCCC(=CCCC#N1=C#N1=CCCCC(=CCCCCC(=C(=C#NC(=CCCCC(=C(=C(=C(=C(=C(=C(=C(=C(=C(=C(=CCCCC(=C(=C(=CCCC(=CCCCCCC(=CCCCC(C(=C(=C(=C(=C(C(=C(=C(=C(=C(=C(=C(=C(=C(C#NC#NCCCCCCCCCCCCCCC(=C(=CCCC(=C(=CCCCCC	O=C(CCCCc1ccccc1-c1ccccc1)Nc1nnc(S)n1COCc1ccccc1	1.0
This molecule is insoluble in water.	CCCCCCCCc1ccccc1CCCCCSCCCCCCCCCCCCCCCC=CN=C=CC=CC=CCCCC(C)Oc1cccc(S)c1CCCCCOPCCOO	C(CCCCCCCCCCCCC#CC(=O)N=CC=C)CCCCCCCOC(=O)C#CC(=O)C#CC(=O)C#CC#CCC=C#C#CCC=CC(=C)c1=C#N1=CCCC1=CCCC1=C1=CC1=CC=C#CCCC(=CCCC#CCC#N1=C#N1=CCCCCCCCCC#CCCC#CCCCC(=C(=C#N1=CCCCCCCCCC#C#C(=C#C#C#C(=C#C(=C#N1=C(=CCCC(=C(=CC(=C(=CCCC(=CCCCC(=CCC(=C(=C(=C#C#NC#NC#NCCCCCCC(=C(=C(=C(=CCC(=C#C#C(=C(=C(C(C(=C(C(CCC(=C#C#C(=C(CCCCC(=CCCC#N1=C#N1=CCCCC(=CCCCCC(=C(=C#NC(=CCCCC(=C(=C(=C(=C(=C(=C(=C(=C(=C(=C(=CCCCC(=C(=C(=CCCC(=CCCCCCC(=CCCCC(C(=C(=C(=C(=C(C(=C(=C(=C(=C(=C(=C(=C(=C(C#NC#NCCCCCCCCCCCCCCC(=C(=CCCC(=C(=CCCCCC	C=CCOCCCCOc1ccccc1CCCCn1c(=S)n(C)c(=O)n(COCC=C)c1=O	0.1
This molecule is insoluble in water.	CCCCCCCCc1ccccc1CCCCCSCCCCCCCCCCCCCCCC=CN=C=CC=CC=CCCCC(C)Oc1cccc(S)c1CCCCCOPCCOO	C(CCCCCCCCCCCCC#CC(=O)N=CC=C)CCCCCCCOC(=O)C#CC(=O)C#CC(=O)C#CC#CCC=C#C#CCC=CC(=C)c1=C#N1=CCCC1=CCCC1=C1=CC1=CC=C#CCCC(=CCCC#CCC#N1=C#N1=CCCCCCCCCC#CCCC#CCCCC(=C(=C#N1=CCCCCCCCCC#C#C(=C#C#C#C(=C#C(=C#N1=C(=CCCC(=C(=CC(=C(=CCCC(=CCCCC(=CCC(=C(=C(=C#C#NC#NC#NCCCCCCC(=C(=C(=C(=CCC(=C#C#C(=C(=C(C(C(=C(C(CCC(=C#C#C(=C(CCCCC(=CCCC#N1=C#N1=CCCCC(=CCCCCC(=C(=C#NC(=CCCCC(=C(=C(=C(=C(=C(=C(=C(=C(=C(=C(=CCCCC(=C(=C(=CCCC(=CCCCCCC(=CCCCC(C(=C(=C(=C(=C(C(=C(=C(=C(=C(=C(=C(=C(=C(C#NC#NCCCCCCCCCCCCCCC(=C(=CCCC(=C(=CCCCCC	c1cccc(COCCCn2c(=S)n(=O)n2)n1COC[C@H]2OC=C2)n2nc(=S)n2=O)n2-c2nc2O[C@H]2O[C@H]2=C=C=C=C=C=C=C=C=C=C=C=C=C=C=C2Br12Br	0.01
This molecule is insoluble in water.	CCCCCCCCc1ccccc1CCCCCSCCCCCCCCCCCCCCCC=CN=C=CC=CC=CCCCC(C)Oc1cccc(S)c1CCCCCOPCCOO	C(CCCCCCCCCCCCC#CC(=O)N=CC=C)CCCCCCCOC(=O)C#CC(=O)C#CC(=O)C#CC#CCC=C#C#CCC=CC(=C)c1=C#N1=CCCC1=CCCC1=C1=CC1=CC=C#CCCC(=CCCC#CCC#N1=C#N1=CCCCCCCCCC#CCCC#CCCCC(=C(=C#N1=CCCCCCCCCC#C#C(=C#C#C#C(=C#C(=C#N1=C(=CCCC(=C(=CC(=C(=CCCC(=CCCCC(=CCC(=C(=C(=C#C#NC#NC#NCCCCCCC(=C(=C(=C(=CCC(=C#C#C(=C(=C(C(C(=C(C(CCC(=C#C#C(=C(CCCCC(=CCCC#N1=C#N1=CCCCC(=CCCCCC(=C(=C#NC(=CCCCC(=C(=C(=C(=C(=C(=C(=C(=C(=C(=C(=CCCCC(=C(=C(=CCCC(=CCCCCCC(=CCCCC(C(=C(=C(=C(=C(C(=C(=C(=C(=C(=C(=C(=C(=C(C#NC#NCCCCCCCCCCCCCCC(=C(=CCCC(=C(=CCCCCC	c1cccc(COCCCn2nnc(=S)n2=O)n2n1-n2)n2nc2O[C@H]2O[C@H]2C=C=C2Br)O[C@H]2Br2=C=C=C=C=C=C=C=C2Br)Br	0.001
This molecule is insoluble in water.	CCCCCCCCCCCC=PCSCCCCCCCCCCCC=CPPCCCCCCCCCCCCCCCCCCCCCCCCC=CCCCCCCCCCPCCCCCCCCCCCC	C(CCCCCCCCCCCCCCCCCCCCCCCCCCCC#C)\C#CCSCCCCCCCCCCCCCCCCC#N=CC#N)C#CCCCCCCCCCCCCCCCCCCCCCCCCCCCCCCCCCCCCCCCCCCCCCCCCCCCCCCCCCCCCCCCCCCCCCCCCCCCCCCCCCCCCCCCCCCCCCCCCCCCCCCCCCCCCC#C#C#C#C#CC#CCCCCCC#CCCCC#CCCCCCCCCC#C#CCCCCCCCCCCCCCCCCCCCCCCCCCCCCCCCCCCC#C#CCCCCCCCCCC#C#C#CCCCCCCCCCCCCCCCCCCCCCCCCCCCCCCCCCCCCCCCCCCCCCCCCCCCCCCCCCCCCCCCCCCCCCCCCCCCCCCCCCCCCCCC#CCCCCCCCCCCCCCCCCCCCCCCCCCCCCCCCCCCCCCCCCCCCCCCCCCCCCCCCCCCCCCCCCCCCCCCCCCCCCCCCCCCCCCCCCCCCCCCCCCCCCCCCCCCCCCC#C#C#C#C#CCCC#C#CCCCCCCCCCCCCCCCCCCCCCCC	C(CCCCCCCCCCCCCCCCCCCCC#C)/C=C\C(=O)CCCCCCCCCCCCCCCCCCCC#N)C#CCCCCCCCC#CCCCCCCCCCCCCCC#C#CCCCCCCCCCCCC#CC#C#CCCCC#CCC#C#C#C#C#NC#CCCCC#C#CCCCSC#CSC#CCCCCCCSC#NCCCCC#CSCCC#C#C#C#C#C#C#C#C#CSC#C#C#C#C#C#C#CSCSC#C#C#C#CSC#C#CCCCCCCCCCCCCCCCCCCCCCCC#CCCC#C#C#CCCSCCCCCC#CSCSCCCSCSCSCSCSC#CCC#CSC#C#C#CCCCCC#CCCC#C#C#C#C#CCC#CCCCC#C#C#C#CCCCCCCCCCCCCCCCCCCCCCCCC#C#CC#C#C#CCCCCCCCCCCCCC#C#CCCCCCCCCCCCCCCCCCCCCCCCCCCCCCCCCCCCCCCCCCCCCCCCCCCCCCCCCCCCCCCCCCCCCCCCCCSC#CC#C#C#C#C#C#C#C#C#C#C#C#C#C#C#CCCCCCCCCCCCCCCCCC	10.0
This molecule is insoluble in water.	CCCCCCCCCCCC=PCSCCCCCCCCCCCC=CPPCCCCCCCCCCCCCCCCCCCCCCCCC=CCCCCCCCCCPCCCCCCCCCCCC	C(CCCCCCCCCCCCCCCCCCCCCCCCCCCC#C)\C#CCSCCCCCCCCCCCCCCCCC#N=CC#N)C#CCCCCCCCCCCCCCCCCCCCCCCCCCCCCCCCCCCCCCCCCCCCCCCCCCCCCCCCCCCCCCCCCCCCCCCCCCCCCCCCCCCCCCCCCCCCCCCCCCCCCCCCCCCCCC#C#C#C#C#CC#CCCCCCC#CCCCC#CCCCCCCCCC#C#CCCCCCCCCCCCCCCCCCCCCCCCCCCCCCCCCCCC#C#CCCCCCCCCCC#C#C#CCCCCCCCCCCCCCCCCCCCCCCCCCCCCCCCCCCCCCCCCCCCCCCCCCCCCCCCCCCCCCCCCCCCCCCCCCCCCCCCCCCCCCCC#CCCCCCCCCCCCCCCCCCCCCCCCCCCCCCCCCCCCCCCCCCCCCCCCCCCCCCCCCCCCCCCCCCCCCCCCCCCCCCCCCCCCCCCCCCCCCCCCCCCCCCCCCCCCCCC#C#C#C#C#CCCC#C#CCCCCCCCCCCCCCCCCCCCCCCC	CCCCCCNC(=O)CSn1c(=S)n(CC(=O)NCCCCC)c(=S)n1CCCC(C)C	1.0
This molecule is insoluble in water.	CCCCCCCCCCCC=PCSCCCCCCCCCCCC=CPPCCCCCCCCCCCCCCCCCCCCCCCCC=CCCCCCCCCCPCCCCCCCCCCCC	C(CCCCCCCCCCCCCCCCCCCCCCCCCCCC#C)\C#CCSCCCCCCCCCCCCCCCCC#N=CC#N)C#CCCCCCCCCCCCCCCCCCCCCCCCCCCCCCCCCCCCCCCCCCCCCCCCCCCCCCCCCCCCCCCCCCCCCCCCCCCCCCCCCCCCCCCCCCCCCCCCCCCCCCCCCCCCCC#C#C#C#C#CC#CCCCCCC#CCCCC#CCCCCCCCCC#C#CCCCCCCCCCCCCCCCCCCCCCCCCCCCCCCCCCCC#C#CCCCCCCCCCC#C#C#CCCCCCCCCCCCCCCCCCCCCCCCCCCCCCCCCCCCCCCCCCCCCCCCCCCCCCCCCCCCCCCCCCCCCCCCCCCCCCCCCCCCCCCC#CCCCCCCCCCCCCCCCCCCCCCCCCCCCCCCCCCCCCCCCCCCCCCCCCCCCCCCCCCCCCCCCCCCCCCCCCCCCCCCCCCCCCCCCCCCCCCCCCCCCCCCCCCCCCCC#C#C#C#C#CCCC#C#CCCCCCCCCCCCCCCCCCCCCCCC	C(C)(C)n1cc(=S)n(N)nc1S[C@H](C(=O)Nc1nnnn1-c1ccccn1)=O	0.1
This molecule is insoluble in water.	CCCCCCCCCCCC=PCSCCCCCCCCCCCC=CPPCCCCCCCCCCCCCCCCCCCCCCCCC=CCCCCCCCCCPCCCCCCCCCCCC	C(CCCCCCCCCCCCCCCCCCCCCCCCCCCC#C)\C#CCSCCCCCCCCCCCCCCCCC#N=CC#N)C#CCCCCCCCCCCCCCCCCCCCCCCCCCCCCCCCCCCCCCCCCCCCCCCCCCCCCCCCCCCCCCCCCCCCCCCCCCCCCCCCCCCCCCCCCCCCCCCCCCCCCCCCCCCCCC#C#C#C#C#CC#CCCCCCC#CCCCC#CCCCCCCCCC#C#CCCCCCCCCCCCCCCCCCCCCCCCCCCCCCCCCCCC#C#CCCCCCCCCCC#C#C#CCCCCCCCCCCCCCCCCCCCCCCCCCCCCCCCCCCCCCCCCCCCCCCCCCCCCCCCCCCCCCCCCCCCCCCCCCCCCCCCCCCCCCCC#CCCCCCCCCCCCCCCCCCCCCCCCCCCCCCCCCCCCCCCCCCCCCCCCCCCCCCCCCCCCCCCCCCCCCCCCCCCCCCCCCCCCCCCCCCCCCCCCCCCCCCCCCCCCCCC#C#C#C#C#CCCC#C#CCCCCCCCCCCCCCCCCCCCCCCC	c1ccc(F)cc1-nnnnn=S)n1I	0.01
This molecule is insoluble in water.	CCCCCCCCCCCC=PCSCCCCCCCCCCCC=CPPCCCCCCCCCCCCCCCCCCCCCCCCC=CCCCCCCCCCPCCCCCCCCCCCC	C(CCCCCCCCCCCCCCCCCCCCCCCCCCCC#C)\C#CCSCCCCCCCCCCCCCCCCC#N=CC#N)C#CCCCCCCCCCCCCCCCCCCCCCCCCCCCCCCCCCCCCCCCCCCCCCCCCCCCCCCCCCCCCCCCCCCCCCCCCCCCCCCCCCCCCCCCCCCCCCCCCCCCCCCCCCCCCC#C#C#C#C#CC#CCCCCCC#CCCCC#CCCCCCCCCC#C#CCCCCCCCCCCCCCCCCCCCCCCCCCCCCCCCCCCC#C#CCCCCCCCCCC#C#C#CCCCCCCCCCCCCCCCCCCCCCCCCCCCCCCCCCCCCCCCCCCCCCCCCCCCCCCCCCCCCCCCCCCCCCCCCCCCCCCCCCCCCCCC#CCCCCCCCCCCCCCCCCCCCCCCCCCCCCCCCCCCCCCCCCCCCCCCCCCCCCCCCCCCCCCCCCCCCCCCCCCCCCCCCCCCCCCCCCCCCCCCCCCCCCCCCCCCCCCC#C#C#C#C#CCCC#C#CCCCCCCCCCCCCCCCCCCCCCCC	c1(F)ccc(F)nnn1nnnn=S)n1I)=S=S/Br	0.001
This molecule is insoluble in water.	CCCCCCCCCCCC=PCSCCCCCCCCCCCC=CPPCCCCCCCCCCCCCCCCCCCCCCCCC=CCCCCCCCCCPCCCCCCCCCCCC	C(CCCCCCCCCCCCCCCCCCCCCCCCCCCC#C)\C#CCSCCCCCCCCCCCCCCCCC#N=CC#N)C#CCCCCCCCCCCCCCCCCCCCCCCCCCCCCCCCCCCCCCCCCCCCCCCCCCCCCCCCCCCCCCCCCCCCCCCCCCCCCCCCCCCCCCCCCCCCCCCCCCCCCCCCCCCCCC#C#C#C#C#CC#CCCCCCC#CCCCC#CCCCCCCCCC#C#CCCCCCCCCCCCCCCCCCCCCCCCCCCCCCCCCCCC#C#CCCCCCCCCCC#C#C#CCCCCCCCCCCCCCCCCCCCCCCCCCCCCCCCCCCCCCCCCCCCCCCCCCCCCCCCCCCCCCCCCCCCCCCCCCCCCCCCCCCCCCCC#CCCCCCCCCCCCCCCCCCCCCCCCCCCCCCCCCCCCCCCCCCCCCCCCCCCCCCCCCCCCCCCCCCCCCCCCCCCCCCCCCCCCCCCCCCCCCCCCCCCCCCCCCCCCCCC#C#C#C#C#CCCC#C#CCCCCCCCCCCCCCCCCCCCCCCC	C(CCCCCCCCCCCCCCCCCCCCC#C)/C=C\C(=O)CCCCCCCCCCCCCCCCCCCC#N)C#CCCCCCCCC#CCCCCCCCCCCCCCC#C#CCCCCCCCCCCCC#CC#C#CCCCC#CCC#C#C#C#C#NC#CCCCC#C#CCCCSC#CSC#CCCCCCCSC#NCCCCC#CSCCC#C#C#C#C#C#C#C#C#CSC#C#C#C#C#C#C#CSCSC#C#C#C#CSC#C#CCCCCCCCCCCCCCCCCCCCCCCC#CCCC#C#C#CCCSCCCCCC#CSCSCCCSCSCSCSCSC#CCC#CSC#C#C#CCCCCC#CCCC#C#C#C#C#CCC#CCCCC#C#C#C#CCCCCCCCCCCCCCCCCCCCCCCCC#C#CC#C#C#CCCCCCCCCCCCCC#C#CCCCCCCCCCCCCCCCCCCCCCCCCCCCCCCCCCCCCCCCCCCCCCCCCCCCCCCCCCCCCCCCCCCCCCCCCCSC#CC#C#C#C#C#C#C#C#C#C#C#C#C#C#C#CCCCCCCCCCCCCCCCCC	10.0
This molecule is insoluble in water.	CCCCCCCCCCCC=PCSCCCCCCCCCCCC=CPPCCCCCCCCCCCCCCCCCCCCCCCCC=CCCCCCCCCCPCCCCCCCCCCCC	C(CCCCCCCCCCCCCCCCCCCCCCCCCCCC#C)\C#CCSCCCCCCCCCCCCCCCCC#N=CC#N)C#CCCCCCCCCCCCCCCCCCCCCCCCCCCCCCCCCCCCCCCCCCCCCCCCCCCCCCCCCCCCCCCCCCCCCCCCCCCCCCCCCCCCCCCCCCCCCCCCCCCCCCCCCCCCCC#C#C#C#C#CC#CCCCCCC#CCCCC#CCCCCCCCCC#C#CCCCCCCCCCCCCCCCCCCCCCCCCCCCCCCCCCCC#C#CCCCCCCCCCC#C#C#CCCCCCCCCCCCCCCCCCCCCCCCCCCCCCCCCCCCCCCCCCCCCCCCCCCCCCCCCCCCCCCCCCCCCCCCCCCCCCCCCCCCCCCC#CCCCCCCCCCCCCCCCCCCCCCCCCCCCCCCCCCCCCCCCCCCCCCCCCCCCCCCCCCCCCCCCCCCCCCCCCCCCCCCCCCCCCCCCCCCCCCCCCCCCCCCCCCCCCCC#C#C#C#C#CCCC#C#CCCCCCCCCCCCCCCCCCCCCCCC	CCCCCCNC(=O)CSn1c(=S)n(CC(=O)NCCCCC)c(=S)n1CCCC(C)C	1.0
This molecule is insoluble in water.	CCCCCCCCCCCC=PCSCCCCCCCCCCCC=CPPCCCCCCCCCCCCCCCCCCCCCCCCC=CCCCCCCCCCPCCCCCCCCCCCC	C(CCCCCCCCCCCCCCCCCCCCCCCCCCCC#C)\C#CCSCCCCCCCCCCCCCCCCC#N=CC#N)C#CCCCCCCCCCCCCCCCCCCCCCCCCCCCCCCCCCCCCCCCCCCCCCCCCCCCCCCCCCCCCCCCCCCCCCCCCCCCCCCCCCCCCCCCCCCCCCCCCCCCCCCCCCCCCC#C#C#C#C#CC#CCCCCCC#CCCCC#CCCCCCCCCC#C#CCCCCCCCCCCCCCCCCCCCCCCCCCCCCCCCCCCC#C#CCCCCCCCCCC#C#C#CCCCCCCCCCCCCCCCCCCCCCCCCCCCCCCCCCCCCCCCCCCCCCCCCCCCCCCCCCCCCCCCCCCCCCCCCCCCCCCCCCCCCCCC#CCCCCCCCCCCCCCCCCCCCCCCCCCCCCCCCCCCCCCCCCCCCCCCCCCCCCCCCCCCCCCCCCCCCCCCCCCCCCCCCCCCCCCCCCCCCCCCCCCCCCCCCCCCCCCC#C#C#C#C#CCCC#C#CCCCCCCCCCCCCCCCCCCCCCCC	C(C)(C)n1cc(=S)n(N)nc1S[C@H](C(=O)Nc1nnnn1-c1ccccn1)=O	0.1
This molecule is insoluble in water.	CCCCCCCCCCCC=PCSCCCCCCCCCCCC=CPPCCCCCCCCCCCCCCCCCCCCCCCCC=CCCCCCCCCCPCCCCCCCCCCCC	C(CCCCCCCCCCCCCCCCCCCCCCCCCCCC#C)\C#CCSCCCCCCCCCCCCCCCCC#N=CC#N)C#CCCCCCCCCCCCCCCCCCCCCCCCCCCCCCCCCCCCCCCCCCCCCCCCCCCCCCCCCCCCCCCCCCCCCCCCCCCCCCCCCCCCCCCCCCCCCCCCCCCCCCCCCCCCCC#C#C#C#C#CC#CCCCCCC#CCCCC#CCCCCCCCCC#C#CCCCCCCCCCCCCCCCCCCCCCCCCCCCCCCCCCCC#C#CCCCCCCCCCC#C#C#CCCCCCCCCCCCCCCCCCCCCCCCCCCCCCCCCCCCCCCCCCCCCCCCCCCCCCCCCCCCCCCCCCCCCCCCCCCCCCCCCCCCCCCC#CCCCCCCCCCCCCCCCCCCCCCCCCCCCCCCCCCCCCCCCCCCCCCCCCCCCCCCCCCCCCCCCCCCCCCCCCCCCCCCCCCCCCCCCCCCCCCCCCCCCCCCCCCCCCCC#C#C#C#C#CCCC#C#CCCCCCCCCCCCCCCCCCCCCCCC	c1ccc(F)cc1-nnnnn=S)n1I	0.01
This molecule is insoluble in water.	CCCCCCCCCCCC=PCSCCCCCCCCCCCC=CPPCCCCCCCCCCCCCCCCCCCCCCCCC=CCCCCCCCCCPCCCCCCCCCCCC	C(CCCCCCCCCCCCCCCCCCCCCCCCCCCC#C)\C#CCSCCCCCCCCCCCCCCCCC#N=CC#N)C#CCCCCCCCCCCCCCCCCCCCCCCCCCCCCCCCCCCCCCCCCCCCCCCCCCCCCCCCCCCCCCCCCCCCCCCCCCCCCCCCCCCCCCCCCCCCCCCCCCCCCCCCCCCCCC#C#C#C#C#CC#CCCCCCC#CCCCC#CCCCCCCCCC#C#CCCCCCCCCCCCCCCCCCCCCCCCCCCCCCCCCCCC#C#CCCCCCCCCCC#C#C#CCCCCCCCCCCCCCCCCCCCCCCCCCCCCCCCCCCCCCCCCCCCCCCCCCCCCCCCCCCCCCCCCCCCCCCCCCCCCCCCCCCCCCCC#CCCCCCCCCCCCCCCCCCCCCCCCCCCCCCCCCCCCCCCCCCCCCCCCCCCCCCCCCCCCCCCCCCCCCCCCCCCCCCCCCCCCCCCCCCCCCCCCCCCCCCCCCCCCCCC#C#C#C#C#CCCC#C#CCCCCCCCCCCCCCCCCCCCCCCC	c1(F)ccc(F)nnn1nnnn=S)n1I)=S=S/Br	0.001
This molecule is insoluble in water.	CCCCCCCCCCCC=PCSCCCCCCCCCCCC=CPPCCCCCCCCCCCCCCCCCCCCCCCCC=CCCCCCCCCCPCCCCCCCCCCCC	C(CCCCCCCCCCCCCCCCCCCCCCCCCCCC#C)\C#CCSCCCCCCCCCCCCCCCCC#N=CC#N)C#CCCCCCCCCCCCCCCCCCCCCCCCCCCCCCCCCCCCCCCCCCCCCCCCCCCCCCCCCCCCCCCCCCCCCCCCCCCCCCCCCCCCCCCCCCCCCCCCCCCCCCCCCCCCCC#C#C#C#C#CC#CCCCCCC#CCCCC#CCCCCCCCCC#C#CCCCCCCCCCCCCCCCCCCCCCCCCCCCCCCCCCCC#C#CCCCCCCCCCC#C#C#CCCCCCCCCCCCCCCCCCCCCCCCCCCCCCCCCCCCCCCCCCCCCCCCCCCCCCCCCCCCCCCCCCCCCCCCCCCCCCCCCCCCCCCC#CCCCCCCCCCCCCCCCCCCCCCCCCCCCCCCCCCCCCCCCCCCCCCCCCCCCCCCCCCCCCCCCCCCCCCCCCCCCCCCCCCCCCCCCCCCCCCCCCCCCCCCCCCCCCCC#C#C#C#C#CCCC#C#CCCCCCCCCCCCCCCCCCCCCCCC	C(CCCCCCCCCCCCCCCCCCCCC#C)/C=C\C(=O)CCCCCCCCCCCCCCCCCCCC#N)C#CCCCCCCCC#CCCCCCCCCCCCCCC#C#CCCCCCCCCCCCC#CC#C#CCCCC#CCC#C#C#C#C#NC#CCCCC#C#CCCCSC#CSC#CCCCCCCSC#NCCCCC#CSCCC#C#C#C#C#C#C#C#C#CSC#C#C#C#C#C#C#CSCSC#C#C#C#CSC#C#CCCCCCCCCCCCCCCCCCCCCCCC#CCCC#C#C#CCCSCCCCCC#CSCSCCCSCSCSCSCSC#CCC#CSC#C#C#CCCCCC#CCCC#C#C#C#C#CCC#CCCCC#C#C#C#CCCCCCCCCCCCCCCCCCCCCCCCC#C#CC#C#C#CCCCCCCCCCCCCC#C#CCCCCCCCCCCCCCCCCCCCCCCCCCCCCCCCCCCCCCCCCCCCCCCCCCCCCCCCCCCCCCCCCCCCCCCCCCSC#CC#C#C#C#C#C#C#C#C#C#C#C#C#C#C#CCCCCCCCCCCCCCCCCC	10.0
This molecule is insoluble in water.	CCCCCCCCCCCC=PCSCCCCCCCCCCCC=CPPCCCCCCCCCCCCCCCCCCCCCCCCC=CCCCCCCCCCPCCCCCCCCCCCC	C(CCCCCCCCCCCCCCCCCCCCCCCCCCCC#C)\C#CCSCCCCCCCCCCCCCCCCC#N=CC#N)C#CCCCCCCCCCCCCCCCCCCCCCCCCCCCCCCCCCCCCCCCCCCCCCCCCCCCCCCCCCCCCCCCCCCCCCCCCCCCCCCCCCCCCCCCCCCCCCCCCCCCCCCCCCCCCC#C#C#C#C#CC#CCCCCCC#CCCCC#CCCCCCCCCC#C#CCCCCCCCCCCCCCCCCCCCCCCCCCCCCCCCCCCC#C#CCCCCCCCCCC#C#C#CCCCCCCCCCCCCCCCCCCCCCCCCCCCCCCCCCCCCCCCCCCCCCCCCCCCCCCCCCCCCCCCCCCCCCCCCCCCCCCCCCCCCCCC#CCCCCCCCCCCCCCCCCCCCCCCCCCCCCCCCCCCCCCCCCCCCCCCCCCCCCCCCCCCCCCCCCCCCCCCCCCCCCCCCCCCCCCCCCCCCCCCCCCCCCCCCCCCCCCC#C#C#C#C#CCCC#C#CCCCCCCCCCCCCCCCCCCCCCCC	CCCCCCNC(=O)CSn1c(=S)n(CC(=O)NCCCCC)c(=S)n1CCCC(C)C	1.0
This molecule is insoluble in water.	CCCCCCCCCCCC=PCSCCCCCCCCCCCC=CPPCCCCCCCCCCCCCCCCCCCCCCCCC=CCCCCCCCCCPCCCCCCCCCCCC	C(CCCCCCCCCCCCCCCCCCCCCCCCCCCC#C)\C#CCSCCCCCCCCCCCCCCCCC#N=CC#N)C#CCCCCCCCCCCCCCCCCCCCCCCCCCCCCCCCCCCCCCCCCCCCCCCCCCCCCCCCCCCCCCCCCCCCCCCCCCCCCCCCCCCCCCCCCCCCCCCCCCCCCCCCCCCCCC#C#C#C#C#CC#CCCCCCC#CCCCC#CCCCCCCCCC#C#CCCCCCCCCCCCCCCCCCCCCCCCCCCCCCCCCCCC#C#CCCCCCCCCCC#C#C#CCCCCCCCCCCCCCCCCCCCCCCCCCCCCCCCCCCCCCCCCCCCCCCCCCCCCCCCCCCCCCCCCCCCCCCCCCCCCCCCCCCCCCCC#CCCCCCCCCCCCCCCCCCCCCCCCCCCCCCCCCCCCCCCCCCCCCCCCCCCCCCCCCCCCCCCCCCCCCCCCCCCCCCCCCCCCCCCCCCCCCCCCCCCCCCCCCCCCCCC#C#C#C#C#CCCC#C#CCCCCCCCCCCCCCCCCCCCCCCC	C(C)(C)n1cc(=S)n(N)nc1S[C@H](C(=O)Nc1nnnn1-c1ccccn1)=O	0.1
This molecule is insoluble in water.	CCCCCCCCCCCC=PCSCCCCCCCCCCCC=CPPCCCCCCCCCCCCCCCCCCCCCCCCC=CCCCCCCCCCPCCCCCCCCCCCC	C(CCCCCCCCCCCCCCCCCCCCCCCCCCCC#C)\C#CCSCCCCCCCCCCCCCCCCC#N=CC#N)C#CCCCCCCCCCCCCCCCCCCCCCCCCCCCCCCCCCCCCCCCCCCCCCCCCCCCCCCCCCCCCCCCCCCCCCCCCCCCCCCCCCCCCCCCCCCCCCCCCCCCCCCCCCCCCC#C#C#C#C#CC#CCCCCCC#CCCCC#CCCCCCCCCC#C#CCCCCCCCCCCCCCCCCCCCCCCCCCCCCCCCCCCC#C#CCCCCCCCCCC#C#C#CCCCCCCCCCCCCCCCCCCCCCCCCCCCCCCCCCCCCCCCCCCCCCCCCCCCCCCCCCCCCCCCCCCCCCCCCCCCCCCCCCCCCCCC#CCCCCCCCCCCCCCCCCCCCCCCCCCCCCCCCCCCCCCCCCCCCCCCCCCCCCCCCCCCCCCCCCCCCCCCCCCCCCCCCCCCCCCCCCCCCCCCCCCCCCCCCCCCCCCC#C#C#C#C#CCCC#C#CCCCCCCCCCCCCCCCCCCCCCCC	c1ccc(F)cc1-nnnnn=S)n1I	0.01
This molecule is insoluble in water.	CCCCCCCCCCCC=PCSCCCCCCCCCCCC=CPPCCCCCCCCCCCCCCCCCCCCCCCCC=CCCCCCCCCCPCCCCCCCCCCCC	C(CCCCCCCCCCCCCCCCCCCCCCCCCCCC#C)\C#CCSCCCCCCCCCCCCCCCCC#N=CC#N)C#CCCCCCCCCCCCCCCCCCCCCCCCCCCCCCCCCCCCCCCCCCCCCCCCCCCCCCCCCCCCCCCCCCCCCCCCCCCCCCCCCCCCCCCCCCCCCCCCCCCCCCCCCCCCCC#C#C#C#C#CC#CCCCCCC#CCCCC#CCCCCCCCCC#C#CCCCCCCCCCCCCCCCCCCCCCCCCCCCCCCCCCCC#C#CCCCCCCCCCC#C#C#CCCCCCCCCCCCCCCCCCCCCCCCCCCCCCCCCCCCCCCCCCCCCCCCCCCCCCCCCCCCCCCCCCCCCCCCCCCCCCCCCCCCCCCC#CCCCCCCCCCCCCCCCCCCCCCCCCCCCCCCCCCCCCCCCCCCCCCCCCCCCCCCCCCCCCCCCCCCCCCCCCCCCCCCCCCCCCCCCCCCCCCCCCCCCCCCCCCCCCCC#C#C#C#C#CCCC#C#CCCCCCCCCCCCCCCCCCCCCCCC	c1(F)ccc(F)nnn1nnnn=S)n1I)=S=S/Br	0.001
This molecule is insoluble in water.	CCCCCCCCCCCC=PCSCCCCCCCCCCCC=CPPCCCCCCCCCCCCCCCCCCCCCCCCC=CCCCCCCCCCPCCCCCCCCCCCC	C(CCCCCCCCCCCCCCCCCCCCCCCCCCCC#C)\C#CCSCCCCCCCCCCCCCCCCC#N=CC#N)C#CCCCCCCCCCCCCCCCCCCCCCCCCCCCCCCCCCCCCCCCCCCCCCCCCCCCCCCCCCCCCCCCCCCCCCCCCCCCCCCCCCCCCCCCCCCCCCCCCCCCCCCCCCCCCC#C#C#C#C#CC#CCCCCCC#CCCCC#CCCCCCCCCC#C#CCCCCCCCCCCCCCCCCCCCCCCCCCCCCCCCCCCC#C#CCCCCCCCCCC#C#C#CCCCCCCCCCCCCCCCCCCCCCCCCCCCCCCCCCCCCCCCCCCCCCCCCCCCCCCCCCCCCCCCCCCCCCCCCCCCCCCCCCCCCCCC#CCCCCCCCCCCCCCCCCCCCCCCCCCCCCCCCCCCCCCCCCCCCCCCCCCCCCCCCCCCCCCCCCCCCCCCCCCCCCCCCCCCCCCCCCCCCCCCCCCCCCCCCCCCCCCC#C#C#C#C#CCCC#C#CCCCCCCCCCCCCCCCCCCCCCCC	C(CCCCCCCCCCCCCCCCCCCCC#C)/C=C\C(=O)CCCCCCCCCCCCCCCCCCCC#N)C#CCCCCCCCC#CCCCCCCCCCCCCCC#C#CCCCCCCCCCCCC#CC#C#CCCCC#CCC#C#C#C#C#NC#CCCCC#C#CCCCSC#CSC#CCCCCCCSC#NCCCCC#CSCCC#C#C#C#C#C#C#C#C#CSC#C#C#C#C#C#C#CSCSC#C#C#C#CSC#C#CCCCCCCCCCCCCCCCCCCCCCCC#CCCC#C#C#CCCSCCCCCC#CSCSCCCSCSCSCSCSC#CCC#CSC#C#C#CCCCCC#CCCC#C#C#C#C#CCC#CCCCC#C#C#C#CCCCCCCCCCCCCCCCCCCCCCCCC#C#CC#C#C#CCCCCCCCCCCCCC#C#CCCCCCCCCCCCCCCCCCCCCCCCCCCCCCCCCCCCCCCCCCCCCCCCCCCCCCCCCCCCCCCCCCCCCCCCCCSC#CC#C#C#C#C#C#C#C#C#C#C#C#C#C#C#CCCCCCCCCCCCCCCCCC	10.0
This molecule is insoluble in water.	CCCCCCCCCCCC=PCSCCCCCCCCCCCC=CPPCCCCCCCCCCCCCCCCCCCCCCCCC=CCCCCCCCCCPCCCCCCCCCCCC	C(CCCCCCCCCCCCCCCCCCCCCCCCCCCC#C)\C#CCSCCCCCCCCCCCCCCCCC#N=CC#N)C#CCCCCCCCCCCCCCCCCCCCCCCCCCCCCCCCCCCCCCCCCCCCCCCCCCCCCCCCCCCCCCCCCCCCCCCCCCCCCCCCCCCCCCCCCCCCCCCCCCCCCCCCCCCCCC#C#C#C#C#CC#CCCCCCC#CCCCC#CCCCCCCCCC#C#CCCCCCCCCCCCCCCCCCCCCCCCCCCCCCCCCCCC#C#CCCCCCCCCCC#C#C#CCCCCCCCCCCCCCCCCCCCCCCCCCCCCCCCCCCCCCCCCCCCCCCCCCCCCCCCCCCCCCCCCCCCCCCCCCCCCCCCCCCCCCCC#CCCCCCCCCCCCCCCCCCCCCCCCCCCCCCCCCCCCCCCCCCCCCCCCCCCCCCCCCCCCCCCCCCCCCCCCCCCCCCCCCCCCCCCCCCCCCCCCCCCCCCCCCCCCCCC#C#C#C#C#CCCC#C#CCCCCCCCCCCCCCCCCCCCCCCC	CCCCCCNC(=O)CSn1c(=S)n(CC(=O)NCCCCC)c(=S)n1CCCC(C)C	1.0
This molecule is insoluble in water.	CCCCCCCCCCCC=PCSCCCCCCCCCCCC=CPPCCCCCCCCCCCCCCCCCCCCCCCCC=CCCCCCCCCCPCCCCCCCCCCCC	C(CCCCCCCCCCCCCCCCCCCCCCCCCCCC#C)\C#CCSCCCCCCCCCCCCCCCCC#N=CC#N)C#CCCCCCCCCCCCCCCCCCCCCCCCCCCCCCCCCCCCCCCCCCCCCCCCCCCCCCCCCCCCCCCCCCCCCCCCCCCCCCCCCCCCCCCCCCCCCCCCCCCCCCCCCCCCCC#C#C#C#C#CC#CCCCCCC#CCCCC#CCCCCCCCCC#C#CCCCCCCCCCCCCCCCCCCCCCCCCCCCCCCCCCCC#C#CCCCCCCCCCC#C#C#CCCCCCCCCCCCCCCCCCCCCCCCCCCCCCCCCCCCCCCCCCCCCCCCCCCCCCCCCCCCCCCCCCCCCCCCCCCCCCCCCCCCCCCC#CCCCCCCCCCCCCCCCCCCCCCCCCCCCCCCCCCCCCCCCCCCCCCCCCCCCCCCCCCCCCCCCCCCCCCCCCCCCCCCCCCCCCCCCCCCCCCCCCCCCCCCCCCCCCCC#C#C#C#C#CCCC#C#CCCCCCCCCCCCCCCCCCCCCCCC	C(C)(C)n1cc(=S)n(N)nc1S[C@H](C(=O)Nc1nnnn1-c1ccccn1)=O	0.1
This molecule is insoluble in water.	CCCCCCCCCCCC=PCSCCCCCCCCCCCC=CPPCCCCCCCCCCCCCCCCCCCCCCCCC=CCCCCCCCCCPCCCCCCCCCCCC	C(CCCCCCCCCCCCCCCCCCCCCCCCCCCC#C)\C#CCSCCCCCCCCCCCCCCCCC#N=CC#N)C#CCCCCCCCCCCCCCCCCCCCCCCCCCCCCCCCCCCCCCCCCCCCCCCCCCCCCCCCCCCCCCCCCCCCCCCCCCCCCCCCCCCCCCCCCCCCCCCCCCCCCCCCCCCCCC#C#C#C#C#CC#CCCCCCC#CCCCC#CCCCCCCCCC#C#CCCCCCCCCCCCCCCCCCCCCCCCCCCCCCCCCCCC#C#CCCCCCCCCCC#C#C#CCCCCCCCCCCCCCCCCCCCCCCCCCCCCCCCCCCCCCCCCCCCCCCCCCCCCCCCCCCCCCCCCCCCCCCCCCCCCCCCCCCCCCCC#CCCCCCCCCCCCCCCCCCCCCCCCCCCCCCCCCCCCCCCCCCCCCCCCCCCCCCCCCCCCCCCCCCCCCCCCCCCCCCCCCCCCCCCCCCCCCCCCCCCCCCCCCCCCCCC#C#C#C#C#CCCC#C#CCCCCCCCCCCCCCCCCCCCCCCC	c1ccc(F)cc1-nnnnn=S)n1I	0.01
This molecule is insoluble in water.	CCCCCCCCCCCC=PCSCCCCCCCCCCCC=CPPCCCCCCCCCCCCCCCCCCCCCCCCC=CCCCCCCCCCPCCCCCCCCCCCC	C(CCCCCCCCCCCCCCCCCCCCCCCCCCCC#C)\C#CCSCCCCCCCCCCCCCCCCC#N=CC#N)C#CCCCCCCCCCCCCCCCCCCCCCCCCCCCCCCCCCCCCCCCCCCCCCCCCCCCCCCCCCCCCCCCCCCCCCCCCCCCCCCCCCCCCCCCCCCCCCCCCCCCCCCCCCCCCC#C#C#C#C#CC#CCCCCCC#CCCCC#CCCCCCCCCC#C#CCCCCCCCCCCCCCCCCCCCCCCCCCCCCCCCCCCC#C#CCCCCCCCCCC#C#C#CCCCCCCCCCCCCCCCCCCCCCCCCCCCCCCCCCCCCCCCCCCCCCCCCCCCCCCCCCCCCCCCCCCCCCCCCCCCCCCCCCCCCCCC#CCCCCCCCCCCCCCCCCCCCCCCCCCCCCCCCCCCCCCCCCCCCCCCCCCCCCCCCCCCCCCCCCCCCCCCCCCCCCCCCCCCCCCCCCCCCCCCCCCCCCCCCCCCCCCC#C#C#C#C#CCCC#C#CCCCCCCCCCCCCCCCCCCCCCCC	c1(F)ccc(F)nnn1nnnn=S)n1I)=S=S/Br	0.001
This molecule is insoluble in water.	CCCCCCCCCCCCCCCCOP(=O)(O)Oc1ccc(C=Cc2ccc(OP(=O)(O)OCCCCCCCCCCCCCCCC)cc2)cc1	CCCCCCCCCCCCCCCCCCOP(=O)(O)Oc1ccc(C=Cc2ccc(O[PH](O)(O)O)cc2)cc1	CCCCCCCCCCCCCCCCCO[PH](O)(O)Oc1ccc(C=Cc2ccc(O[PH](O)(O)O)cc2)cc1	10.0
This molecule is insoluble in water.	CCCCCCCCCCCCCCCCOP(=O)(O)Oc1ccc(C=Cc2ccc(OP(=O)(O)OCCCCCCCCCCCCCCCC)cc2)cc1	CCCCCCCCCCCCCCCCCCOP(=O)(O)Oc1ccc(C=Cc2ccc(O[PH](O)(O)O)cc2)cc1	c1c(OC)ccc(C=c2ccc(O[C@@H]3CCCO[C@H]3C=C)cc2)c1OP(O)(O)=O	1.0
This molecule is insoluble in water.	CCCCCCCCCCCCCCCCOP(=O)(O)Oc1ccc(C=Cc2ccc(OP(=O)(O)OCCCCCCCCCCCCCCCC)cc2)cc1	CCCCCCCCCCCCCCCCCCOP(=O)(O)Oc1ccc(C=Cc2ccc(O[PH](O)(O)O)cc2)cc1	CCCCCCCC[C@H](O)Oc1cc(OC)ccc1C=Cc1ccc(O[PH](O)(O)O)cc1	0.1
This molecule is insoluble in water.	CCCCCCCCCCCCCCCCOP(=O)(O)Oc1ccc(C=Cc2ccc(OP(=O)(O)OCCCCCCCCCCCCCCCC)cc2)cc1	CCCCCCCCCCCCCCCCCCOP(=O)(O)Oc1ccc(C=Cc2ccc(O[PH](O)(O)O)cc2)cc1	c1cc(O[C@H]2CCOC2=O)ccc(O[C@H]2OP(O)(O)(O)(=O)O)c2ccc(O)n2)c1O[C@H]2O[C@H](O)OC=O	0.01
This molecule is insoluble in water.	CCCCCCCCCCCCCCCCOP(=O)(O)Oc1ccc(C=Cc2ccc(OP(=O)(O)OCCCCCCCCCCCCCCCC)cc2)cc1	CCCCCCCCCCCCCCCCCCOP(=O)(O)Oc1ccc(C=Cc2ccc(O[PH](O)(O)O)cc2)cc1	c1cc(O[C@H]2OP(O)(=O)O)cc2c1O[C@H]2OP(O)(O)(O)O)O[C@H]2O[C@H](O)OCCCCCCCCCCCCCCCCCC=C=CO	0.001
This molecule is hydrophobic.	CCCCCCCCCCCCCCCCOP(=O)(O)Oc1ccc(C=Cc2ccc(OP(=O)(O)OCCCCCCCCCCCCCCCC)cc2)cc1	CCCCCCCCCCCCCCCCCCOP(=O)(O)Oc1ccc(C=Cc2ccc(O[PH](O)(O)O)cc2)cc1	CCCCCCCCCCCCCCCCOP(=O)(O)Oc1ccc(C=Cc2ccc(O[PH](O)(O)O)cc2)cc1	10.0
This molecule is hydrophobic.	CCCCCCCCCCCCCCCCOP(=O)(O)Oc1ccc(C=Cc2ccc(OP(=O)(O)OCCCCCCCCCCCCCCCC)cc2)cc1	CCCCCCCCCCCCCCCCCCOP(=O)(O)Oc1ccc(C=Cc2ccc(O[PH](O)(O)O)cc2)cc1	CCCCCCCCCCCCCOP(=O)(O)Oc1ccc(C=Cc2ccc(O[PH](O)(O)O)cc2)cc1	1.0
This molecule is hydrophobic.	CCCCCCCCCCCCCCCCOP(=O)(O)Oc1ccc(C=Cc2ccc(OP(=O)(O)OCCCCCCCCCCCCCCCC)cc2)cc1	CCCCCCCCCCCCCCCCCCOP(=O)(O)Oc1ccc(C=Cc2ccc(O[PH](O)(O)O)cc2)cc1	CCCCCCCCCCCCO[Si](O)(O)Oc1ccc(C=Cc2ccccc2OCCCC)cc1C	0.1
This molecule is hydrophobic.	CCCCCCCCCCCCCCCCOP(=O)(O)Oc1ccc(C=Cc2ccc(OP(=O)(O)OCCCCCCCCCCCCCCCC)cc2)cc1	CCCCCCCCCCCCCCCCCCOP(=O)(O)Oc1ccc(C=Cc2ccc(O[PH](O)(O)O)cc2)cc1	CCCCCCCCCCCO[C@H](OC)OCCCCCCCCCCCCCCCCCCCCCCCCCCOC	0.01
This molecule is hydrophobic.	CCCCCCCCCCCCCCCCOP(=O)(O)Oc1ccc(C=Cc2ccc(OP(=O)(O)OCCCCCCCCCCCCCCCC)cc2)cc1	CCCCCCCCCCCCCCCCCCOP(=O)(O)Oc1ccc(C=Cc2ccc(O[PH](O)(O)O)cc2)cc1	CCCCCCCCCCCCCCCCCCCCCCCCCCCCCCCCCCCCCCCCCCCCCCCCCCCCCCCCCCCCCCCCCCCCCCCCCCCCCCCCCCCCCCCCCCCCCCCCCCCCCCCCCCCCCCCCCCCCCCCCCCCCCCCCCCCCCCCCCCCCCCCCCCCCCCCCCCCCCCCCCCCCCCCCCCCCCCCCCCCCCCCCCCCCCCCCCCCCCCCCCCCCCCCCCCCCCCCCCCCOCOCCCCCCCCOCOCOCOCOCOCCCCCCCOCOCCCCCCCCCCCCCCCCCCCCCCCCCCCCCCCCCCCCCOCOCOCOCOCCCCCOCOCOCOCCCCCCCOCOCCCCCCCCCCCCCCCCCCCCCCCOCOCCCCCCCCCCCCCCCCCCCCOCOCOCCCOCOCCCCCCCCCCCCCCCCCCCCCCCCCCCCCCCCCCCCCCCCCCCCCCCCCCCCCCCCCCCCCCCCCCCOCCCCCCCOCCCCCCCCCCCCCCCCCCCCCCCCCCCCCCO[C@@H](OCCCCCC)OCCCCCCCCCCCCCC	0.001
This molecule is hydrophobic.	CCCCCCCCCCCCCCCCOP(=O)(O)Oc1ccc(C=Cc2ccc(OP(=O)(O)OCCCCCCCCCCCCCCCC)cc2)cc1	CCCCCCCCCCCCCCCCCCOP(=O)(O)Oc1ccc(C=Cc2ccc(O[PH](O)(O)O)cc2)cc1	CCCCCCCCCCCCCCCCOP(=O)(O)Oc1ccc(C=Cc2ccc(O[PH](O)(O)O)cc2)cc1	10.0
This molecule is hydrophobic.	CCCCCCCCCCCCCCCCOP(=O)(O)Oc1ccc(C=Cc2ccc(OP(=O)(O)OCCCCCCCCCCCCCCCC)cc2)cc1	CCCCCCCCCCCCCCCCCCOP(=O)(O)Oc1ccc(C=Cc2ccc(O[PH](O)(O)O)cc2)cc1	CCCCCCCCCCCCCOP(=O)(O)Oc1ccc(C=Cc2ccc(O[PH](O)(O)O)cc2)cc1	1.0
This molecule is hydrophobic.	CCCCCCCCCCCCCCCCOP(=O)(O)Oc1ccc(C=Cc2ccc(OP(=O)(O)OCCCCCCCCCCCCCCCC)cc2)cc1	CCCCCCCCCCCCCCCCCCOP(=O)(O)Oc1ccc(C=Cc2ccc(O[PH](O)(O)O)cc2)cc1	CCCCCCCCCCCCO[Si](O)(O)Oc1ccc(C=Cc2ccccc2OCCCC)cc1C	0.1
This molecule is hydrophobic.	CCCCCCCCCCCCCCCCOP(=O)(O)Oc1ccc(C=Cc2ccc(OP(=O)(O)OCCCCCCCCCCCCCCCC)cc2)cc1	CCCCCCCCCCCCCCCCCCOP(=O)(O)Oc1ccc(C=Cc2ccc(O[PH](O)(O)O)cc2)cc1	CCCCCCCCCCCO[C@H](OC)OCCCCCCCCCCCCCCCCCCCCCCCCCCOC	0.01
This molecule is hydrophobic.	CCCCCCCCCCCCCCCCOP(=O)(O)Oc1ccc(C=Cc2ccc(OP(=O)(O)OCCCCCCCCCCCCCCCC)cc2)cc1	CCCCCCCCCCCCCCCCCCOP(=O)(O)Oc1ccc(C=Cc2ccc(O[PH](O)(O)O)cc2)cc1	CCCCCCCCCCCCCCCCCCCCCCCCCCCCCCCCCCCCCCCCCCCCCCCCCCCCCCCCCCCCCCCCCCCCCCCCCCCCCCCCCCCCCCCCCCCCCCCCCCCCCCCCCCCCCCCCCCCCCCCCCCCCCCCCCCCCCCCCCCCCCCCCCCCCCCCCCCCCCCCCCCCCCCCCCCCCCCCCCCCCCCCCCCCCCCCCCCCCCCCCCCCCCCCCCCCCCCCCCCCOCOCCCCCCCCOCOCOCOCOCOCCCCCCCOCOCCCCCCCCCCCCCCCCCCCCCCCCCCCCCCCCCCCCCOCOCOCOCOCCCCCOCOCOCOCCCCCCCOCOCCCCCCCCCCCCCCCCCCCCCCCOCOCCCCCCCCCCCCCCCCCCCCOCOCOCCCOCOCCCCCCCCCCCCCCCCCCCCCCCCCCCCCCCCCCCCCCCCCCCCCCCCCCCCCCCCCCCCCCCCCCCOCCCCCCCOCCCCCCCCCCCCCCCCCCCCCCCCCCCCCCO[C@@H](OCCCCCC)OCCCCCCCCCCCCCC	0.001
This molecule is hydrophobic.	CCCC=C(C=CCOP(CCCCCCCCCCCCCCCC(=O)O)OCCCCCCCCCCCCCCCC)CC=CC=C(C)c1ccc(OC=O)cc1	CC#CC(C(C#CC(=O)C=CCC)=CCC)=[PH](O)OCCCCCCCCCCCCCCCCCCCCCCCO	C#CC(=CCOC(=C[PH](=O)OCCCCCCCCCCCCCCCCCC(=O)O)C(C#CC)=CCC)CCC	10.0
This molecule is hydrophobic.	CCCC=C(C=CCOP(CCCCCCCCCCCCCCCC(=O)O)OCCCCCCCCCCCCCCCC)CC=CC=C(C)c1ccc(OC=O)cc1	CC#CC(C(C#CC(=O)C=CCC)=CCC)=[PH](O)OCCCCCCCCCCCCCCCCCCCCCCCO	C(CCCCCCOC(=O)C=C(CC)C)O[Si](=O)n1c(=O)n(CCCCC)c(=O)n(CCC)c1C=O	1.0
This molecule is hydrophobic.	CCCC=C(C=CCOP(CCCCCCCCCCCCCCCC(=O)O)OCCCCCCCCCCCCCCCC)CC=CC=C(C)c1ccc(OC=O)cc1	CC#CC(C(C#CC(=O)C=CCC)=CCC)=[PH](O)OCCCCCCCCCCCCCCCCCCCCCCCO	C(CCCCCCOC(=O)OCC)CCO[Si](=O)(C=C(CC)CC)OCC=C(CC)C)CC	0.1
This molecule is hydrophobic.	CCCC=C(C=CCOP(CCCCCCCCCCCCCCCC(=O)O)OCCCCCCCCCCCCCCCC)CC=CC=C(C)c1ccc(OC=O)cc1	CC#CC(C(C#CC(=O)C=CCC)=CCC)=[PH](O)OCCCCCCCCCCCCCCCCCCCCCCCO	CCCCCCCCCCCCCCCCCCCCCCCCCCCCCCCCCCCCCCCCCCCCCCCCCCCCCCCCCCCCCCCCCCCCCCCCCCCCCCCOCCCCCCCCCCCCCCCCCCCCCCCCCCCCCCCCCCCCCCCCCCCCCCCCCCCCCCCCCCCCCCCCCCCCCCCCCCCCCCCCCCCCCCCCCCCCCCCCCCCCCCCCCCCCCCCCCCCCCCCCCCCCCCCCCCCCCCCCOCOCCCCCCCCCCCCCCCCCOCOCCCCCCOCOCOCCCCOCOCOCOCCCCCCCOCCCCCCCCCCCCCCCCCOCOCOCOCOCOCOCOCOCOCOCCCCCCCCCCCCCCCCCCCCCCCCCCCCCCCCCCCCCCCCCCCCCCCCCCCCCCCCCCCCCCCCCCCCCCCCCCCCCCCCCCCCCCCCCCCCCCCCCCCCCCCCCCCCCCCCCCCCCCCCCCCCCCCCCCCCCCCCCCCCCCCCCCCCCCCCCCCCCCCCCCCCCCCCCCCCCCCCCCCCCCCCOCCOCCOCOCCCCCCCCCC	0.01
This molecule is hydrophobic.	CCCC=C(C=CCOP(CCCCCCCCCCCCCCCC(=O)O)OCCCCCCCCCCCCCCCC)CC=CC=C(C)c1ccc(OC=O)cc1	CC#CC(C(C#CC(=O)C=CCC)=CCC)=[PH](O)OCCCCCCCCCCCCCCCCCCCCCCCO	CCCCCCCCCCCCCCCCCCCCCCCCCCCCCCCCCCCCCCCCCCCCCCCCCCCCCCCCCCCCCCCCCCCCCCCCCCCCCCCCCCCCCCCCCCCCCCCCCCCCCCCCCCCCCCCCCCCCCCCCCCCCCCCCCCCCCCCCCCCCCCCCCCCCCCCCCCCCCCCCCCCCCCCCCCCCCCCCCCCCCCCCCCCCCCCCCCCCCCCCCCCCCCCCCCCCCCCCCCCCCCCCCCCCCCCCCCCCCCCCCCCCCCCCCCCCCCCCCCCCCCCCCCCCCCCCCCCCCCCCCCCCCCCCCCCCCCCCCCCCCCCCCCCCCCCCCCCCCCCCCCCCCCCCCCCCCCCCCCCCCCCCCCCCCCCCCCCCCCCCCCCCCCCCCCCCCCCCCCCCCCCCCCCCCCCCCCCCCCCCCCCCCCCCCCCCCCCCCCCCCCCCCCCCCCCCCCCCCCCCCCCCCCCCCCCCCCCCCCCCCCCCCCCCCCCCCCCCCCCCCCCCCCCCCCCCCOCCOCOCCCCCCCCCCC	0.001
This molecule is hydrophobic.	CCCC=C(C=CCOP(CCCCCCCCCCCCCCCC(=O)O)OCCCCCCCCCCCCCCCC)CC=CC=C(C)c1ccc(OC=O)cc1	CC#CC(C(C#CC(=O)C=CCC)=CCC)=[PH](O)OCCCCCCCCCCCCCCCCCCCCCCCO	C#CC(=CCOC(=C[PH](=O)OCCCCCCCCCCCCCCCCCC(=O)O)C(C#CC)=CCC)CCC	10.0
This molecule is hydrophobic.	CCCC=C(C=CCOP(CCCCCCCCCCCCCCCC(=O)O)OCCCCCCCCCCCCCCCC)CC=CC=C(C)c1ccc(OC=O)cc1	CC#CC(C(C#CC(=O)C=CCC)=CCC)=[PH](O)OCCCCCCCCCCCCCCCCCCCCCCCO	C(CCCCCCOC(=O)C=C(CC)C)O[Si](=O)n1c(=O)n(CCCCC)c(=O)n(CCC)c1C=O	1.0
This molecule is hydrophobic.	CCCC=C(C=CCOP(CCCCCCCCCCCCCCCC(=O)O)OCCCCCCCCCCCCCCCC)CC=CC=C(C)c1ccc(OC=O)cc1	CC#CC(C(C#CC(=O)C=CCC)=CCC)=[PH](O)OCCCCCCCCCCCCCCCCCCCCCCCO	C(CCCCCCOC(=O)OCC)CCO[Si](=O)(C=C(CC)CC)OCC=C(CC)C)CC	0.1
This molecule is hydrophobic.	CCCC=C(C=CCOP(CCCCCCCCCCCCCCCC(=O)O)OCCCCCCCCCCCCCCCC)CC=CC=C(C)c1ccc(OC=O)cc1	CC#CC(C(C#CC(=O)C=CCC)=CCC)=[PH](O)OCCCCCCCCCCCCCCCCCCCCCCCO	C(CCCCCCCOCCO[Si](C(CC)C)(C)(C)C)CCO[Si](CC)(C)C)CCCCCCCCCOCCCCCCCCCCCCCCCCCCCCCCCCCCCCCCOCCCCCCCCCCOCOCCCCCCCCCCCCCCCCCCCCCCCCCCOCOCCCCOCOCOCOCCOCOCOCOCOCCCCCCCCCCCCCOCOCOCOCOCOCCCCCCCCCCCOCCCCCCCOCCCCCCCCCCCCOCOCOCOCOCOCOCOCCCCCCCCCCCCCCCCCCCCCOCOCCCCCCOCOCCCCCCCCCCCCCCCCCCOCOCOCCCCCCCCCCOCCCCCCOCOCCCCCOCCCCCCCCCCCCCCCCCCCCCCCCCCCCCCCCCCCCCCCCCCCCCCCCCCCCCCCCCCCCCCCCCCCCCCCCCOCCCCCCCCCCCCCCCCCCCCCCCCCCCCCCCCCCCCCCCCCCCCCCCCCCCCCCCOCCCCCCCCCCCCCCCCCCCCCCCCCCCCCCCCCCCCCCCCCCCCCCCCCCCCCCCCCCCCCCCCCCCCCCCCCCCCCCC	0.05
This molecule is hydrophobic.	CCCC=C(C=CCOP(CCCCCCCCCCCCCCCC(=O)O)OCCCCCCCCCCCCCCCC)CC=CC=C(C)c1ccc(OC=O)cc1	CC#CC(C(C#CC(=O)C=CCC)=CCC)=[PH](O)OCCCCCCCCCCCCCCCCCCCCCCCO	CCCCCCCCCCCCCCCCCCCCCCCCCCCCCCCCCCCCCCCCCCCCCCCCCCCCCCCCCCCCCCCCCCCCCCCCCCCCCCCOCCCCCCCCCCCCCCCCCCCCCCCCCCCCCCCCCCCCCCCCCCCCCCCCCCCCCCCCCCCCCCCCCCCCCCCCCCCCCCCCCCCCCCCCCCCCCCCCCCCCCCCCCCCCCCCCCCCCCCCCCCCCCCCCCCCCCCCCOCOCCCCCCCCCCCCCCCCCOCOCCCCCCOCOCOCCCCOCOCOCOCCCCCCCOCCCCCCCCCCCCCCCCCOCOCOCOCOCOCOCOCOCOCOCCCCCCCCCCCCCCCCCCCCCCCCCCCCCCCCCCCCCCCCCCCCCCCCCCCCCCCCCCCCCCCCCCCCCCCCCCCCCCCCCCCCCCCCCCCCCCCCCCCCCCCCCCCCCCCCCCCCCCCCCCCCCCCCCCCCCCCCCCCCCCCCCCCCCCCCCCCCCCCCCCCCCCCCCCCCCCCCCCCCCCCCOCCOCCOCOCCCCCCCCCC	0.01
This molecule is hydrophobic.	CCCC=C(C=CCOP(CCCCCCCCCCCCCCCC(=O)O)OCCCCCCCCCCCCCCCC)CC=CC=C(C)c1ccc(OC=O)cc1	CC#CC(C(C#CC(=O)C=CCC)=CCC)=[PH](O)OCCCCCCCCCCCCCCCCCCCCCCCO	CCCCCCCCCCCCCCCCCCCCCCCCCCCCCCCCCCCCCCCCCCCCCCCCCCCCCCCCCCCCCCCCCCCCCCCCCCCCCCCCCCCCCCCCCCCCCCCCCCCCCCCCCCCCCCCCCCCCCCCCCCCCCCCCCCCCCCCCCCCCCCCCCCCCCCCCCCCCCCCCCCCCCCCCCCCCCCCCCCCCCCCCCCCCCCCCCCCCCCCCCCCCCCCCCCCCCCCCCCCCCCCCCCCCCCCCCCCCCCCCCCCCCCCCCCCCCCCCCCCCCCCCCCCCCCCCCCCCCCCCCCCCCCCCCCCCCCCCCCCCCCCCCCCCCCCCCCCCCCCCCCCCCCCCCCCCCCCCCCCCCCCCCCCCCCCCCCCCCCCCCCCCCCCCCCCCCCCCCCCCCCCCCCCCCCCCCCCCCCCCCCCCCCCCCCCCCCCCCCCCCCCCCCCCCCCCCCCCCCCCCCCCCCCCCCCCCCCCCCCCCCCCCCCCCCCCCCCCCCCCCCCCCCCCCCCOCCOCCOCOCCCCCCCCCC	0.005
This molecule is hydrophobic.	CCCC=C(C=CCOP(CCCCCCCCCCCCCCCC(=O)O)OCCCCCCCCCCCCCCCC)CC=CC=C(C)c1ccc(OC=O)cc1	CC#CC(C(C#CC(=O)C=CCC)=CCC)=[PH](O)OCCCCCCCCCCCCCCCCCCCCCCCO	CCCCCCCCCCCCCCCCCCCCCCCCCCCCCCCCCCCCCCCCCCCCCCCCCCCCCCCCCCCCCCCCCCCCCCCCCCCCCCCCCCCCCCCCCCCCCCCCCCCCCCCCCCCCCCCCCCCCCCCCCCCCCCCCCCCCCCCCCCCCCCCCCCCCCCCCCCCCCCCCCCCCCCCCCCCCCCCCCCCCCCCCCCCCCCCCCCCCCCCCCCCCCCCCCCCCCCCCCCCCCCCCCCCCCCCCCCCCCCCCCCCCCCCCCCCCCCCCCCCCCCCCCCCCCCCCCCCCCCCCCCCCCCCCCCCCCCCCCCCCCCCCCCCCCCCCCCCCCCCCCCCCCCCCCCCCCCCCCCCCCCCCCCCCCCCCCCCCCCCCCCCCCCCCCCCCCCCCCCCCCCCCCCCCCCCCCCCCCCCCCCCCCCCCCCCCCCCCCCCCCCCCCCCCCCCCCCCCCCCCCCCCCCCCCCCCCCCCCCCCCCCCCCCCCCCCCCCCCCCCCCCCCCCCCCCCCOCCOCOCCCCCCCCCCC	0.001
This molecule is hydrophobic.	CCCC=C(C=CCOP(CCCCCCCCCCCCCCCC(=O)O)OCCCCCCCCCCCCCCCC)CC=CC=C(C)c1ccc(OC=O)cc1	CC#CC(C(C#CC(=O)C=CCC)=CCC)=[PH](O)OCCCCCCCCCCCCCCCCCCCCCCCO	C#CC(=CCOC(=C[PH](=O)OCCCCCCCCCCCCCCCCCC(=O)O)C(C#CC)=CCC)CCC	10.0
This molecule is hydrophobic.	CCCC=C(C=CCOP(CCCCCCCCCCCCCCCC(=O)O)OCCCCCCCCCCCCCCCC)CC=CC=C(C)c1ccc(OC=O)cc1	CC#CC(C(C#CC(=O)C=CCC)=CCC)=[PH](O)OCCCCCCCCCCCCCCCCCCCCCCCO	C(CCCCCCOC(=O)C=C(CC)C)O[Si](=O)n1c(=O)n(CCCCC)c(=O)n(CCC)c1C=O	1.0
This molecule is hydrophobic.	CCCC=C(C=CCOP(CCCCCCCCCCCCCCCC(=O)O)OCCCCCCCCCCCCCCCC)CC=CC=C(C)c1ccc(OC=O)cc1	CC#CC(C(C#CC(=O)C=CCC)=CCC)=[PH](O)OCCCCCCCCCCCCCCCCCCCCCCCO	C(CCCCCCOC(=O)OCC)CCO[Si](=O)(C=C(CC)CC)OCC=C(CC)C)CC	0.1
This molecule is hydrophobic.	CCCC=C(C=CCOP(CCCCCCCCCCCCCCCC(=O)O)OCCCCCCCCCCCCCCCC)CC=CC=C(C)c1ccc(OC=O)cc1	CC#CC(C(C#CC(=O)C=CCC)=CCC)=[PH](O)OCCCCCCCCCCCCCCCCCCCCCCCO	C(CCCCCCOCCO[Si](C(CC)=C(CC)C)OC)O[Si](=O)(OCC)(C)OCC)(C)(C)CCCCCCCCCCCCCCCCCCCCCCCCCCCCCCCCOCOCCCCCOCOCCCCCCCCCOCCCCCCCCOCOCCCCOCOCOCOCOCOCOCOCCOCOCOCOCOCOCCCCCCCCCCCCOCOCOCCCCCOCCCCCCCCCCCOCCCCCCOCCCCCCCCCCCOCCOCCOCOCOCOCOCCCCCCCCCCCCCCCCCCCCOCOCOCCCOCOCOCCCCCCCCCCCCCCCCOCCCCCOCCCOCOCCCCCCCCCCCCCCOCCCCCOCOCOCOCCCCCCCCCCOCOCOCOCOCOCOCCCCCCCOCCCCCCCCCCCCCCCCCCOCOCCCCCCCCCCCCCCOCOCCCCCCCCOCCCCCCCCCCCCCCCCCCCCCCCCCCCCCCCCCCCCCCCCCCCCCOCCCCCCCCCCCCOCCCCCCCCCCCCCCCCCCCCCCCCCCCCCCCCCCCCCCCCCCCCCCCCCCCCCCCCCCCCCCCCCC	0.09
This molecule is hydrophobic.	CCCC=C(C=CCOP(CCCCCCCCCCCCCCCC(=O)O)OCCCCCCCCCCCCCCCC)CC=CC=C(C)c1ccc(OC=O)cc1	CC#CC(C(C#CC(=O)C=CCC)=CCC)=[PH](O)OCCCCCCCCCCCCCCCCCCCCCCCO	CCCCCCCCCCCCCCCCCCCCCCCCCCCCCCCCCCCCCCCCCCCCCCCCCCCCCCCCCCCCCCCCCCCCCCCCCCCCCCCOCOCOCOCCCCCCOCCCCCCCCCCCCCCCCCCCCCCCCCCCCCCCCCCCCCCCCCOCOCCCCCCCCCCCCCCCCCCCCCCCCCCCCCCCCCCCOCCCCCCCCCCCCCCCCCCCCCCCCCCCCCCCCOCOCOCOCCCCCCCCCCCCOCCCCCOCOCOCOCOCCOCOCCCCCCCCCCCCCOCOCOCOCOCOCOCOCCCCCCCCCCCCCCCCCCCOCOCOCOCOCOCOCOCCCCCCCCCCCCOCCCCCOCOCCCCCCCCCCCOCOCOCOCOCCCCCCCCCCCCCOCOCOCOCOCOCCOCOCOCOCCCCCCCCCCCCCCCCCCCCCCCCCCCCCCCOCOCOCCCCCCCCOCOCOCCCCCCCCCCCCOCOCCCCCCCCCCCCCCCCCCCCCCCCCO[Si](C)(C)(C)OCCCCCCCOCCO[Si](C)(C)C(C)(C)CC	0.08
This molecule is hydrophobic.	CCCC=C(C=CCOP(CCCCCCCCCCCCCCCC(=O)O)OCCCCCCCCCCCCCCCC)CC=CC=C(C)c1ccc(OC=O)cc1	CC#CC(C(C#CC(=O)C=CCC)=CCC)=[PH](O)OCCCCCCCCCCCCCCCCCCCCCCCO	CCCCCCCCCCCCCCCCCCCCCCCCCCCCCCCCCCCCCCCCCCCCCCCCCCCCCCCCCCCCCCCCCCCCCCCCCCCCCCCOCCCCCCCCCCCCCCCCCCCCCCCCCCCCCCCCCCCCCCCCCCCCOCCCCCCCCCCOCCCCCCCCCCCCCCCCCCCCCCCCCCCCCCCCCCCCCOCCCCCCCCCCCCCCCCCCCCCCCCCCCCCCCCCCOCOCOCOCOCOCOCOCOCCCCCOCOCOCOCOCOCCCCOCOCOCOCOCOCOCOCOCCCCOCOCOCCCCCCCCCCCCCCCOCOCOCOCOCOCOCOCOCOCOCCCCCCCCCCCCCCCCCCCOCCCCCCCCCCCCCOCOCOCOCCCCCCCCCCCCCCCCCOCOCOCCCCCCOCOCOCCCCCCCCCCCCCCCCCCCCCCCCCCCCCCCCCCCCCCCCCCCCCCCCCCCCCCCCCCCCCCCCCCCCCCCCCCCCCCCCCCCCCCCO[Si](=O)(O)OCCCCCCCCCCOCCO[Si](OC)C(CC)=C(C)CC	0.07
This molecule is hydrophobic.	CCCC=C(C=CCOP(CCCCCCCCCCCCCCCC(=O)O)OCCCCCCCCCCCCCCCC)CC=CC=C(C)c1ccc(OC=O)cc1	CC#CC(C(C#CC(=O)C=CCC)=CCC)=[PH](O)OCCCCCCCCCCCCCCCCCCCCCCCO	CCCCCCCCCCCCCCCCCCCCCCCCCCCCCCCCCCCOCCCCCCCOCCOCCCCCCCCCCCCCCCOC	0.06
This molecule is hydrophobic.	CCCC=C(C=CCOP(CCCCCCCCCCCCCCCC(=O)O)OCCCCCCCCCCCCCCCC)CC=CC=C(C)c1ccc(OC=O)cc1	CC#CC(C(C#CC(=O)C=CCC)=CCC)=[PH](O)OCCCCCCCCCCCCCCCCCCCCCCCO	C(CCCCCCCOCCO[Si](C(CC)C)(C)(C)C)CCO[Si](CC)(C)C)CCCCCCCCCOCCCCCCCCCCCCCCCCCCCCCCCCCCCCCCOCCCCCCCCCCOCOCCCCCCCCCCCCCCCCCCCCCCCCCCOCOCCCCOCOCOCOCCOCOCOCOCOCCCCCCCCCCCCCOCOCOCOCOCOCCCCCCCCCCCOCCCCCCCOCCCCCCCCCCCCOCOCOCOCOCOCOCOCCCCCCCCCCCCCCCCCCCCCOCOCCCCCCOCOCCCCCCCCCCCCCCCCCCOCOCOCCCCCCCCCCOCCCCCCOCOCCCCCOCCCCCCCCCCCCCCCCCCCCCCCCCCCCCCCCCCCCCCCCCCCCCCCCCCCCCCCCCCCCCCCCCCCCCCCCCOCCCCCCCCCCCCCCCCCCCCCCCCCCCCCCCCCCCCCCCCCCCCCCCCCCCCCCCOCCCCCCCCCCCCCCCCCCCCCCCCCCCCCCCCCCCCCCCCCCCCCCCCCCCCCCCCCCCCCCCCCCCCCCCCCCCCCCC	0.05
This molecule is hydrophobic.	CCCC=C(C=CCOP(CCCCCCCCCCCCCCCC(=O)O)OCCCCCCCCCCCCCCCC)CC=CC=C(C)c1ccc(OC=O)cc1	CC#CC(C(C#CC(=O)C=CCC)=CCC)=[PH](O)OCCCCCCCCCCCCCCCCCCCCCCCO	CCCCCCCCCCCCCCCCCCCCCCCCCCCCCCCCCCCCCCCCCCCCCCCCCCCCCCCCCCCCCCCCCCCCCCCCCCCCCCCOCCCCCCCCCCCCCCCCCCCCCCCCCCCCCCCCCCCCCCCCCCCCCCCCCCCCCCCCCCCCCCCCCCCCCCCCCCCCCCCCCCCCCCCCCCCCCCCCCCCCCCCCCCCCCCCCCCCCCCCCCCCCCCCCCCCCCCCCOCOCCCCCCCCCCCCCCCCCOCOCCCCCCOCOCOCCCCOCOCOCOCCCCCCCOCCCCCCCCCCCCCCCCCOCOCOCOCOCOCOCOCOCOCOCCCCCCCCCCCCCCCCCCCCCCCCCCCCCCCCCCCCCCCCCCCCCCCCCCCCCCCCCCCCCCCCCCCCCCCCCCCCCCCCCCCCCCCCCCCCCCCCCCCCCCCCCCCCCCCCCCCCCCCCCCCCCCCCCCCCCCCCCCCCCCCCCCCCCCCCCCCCCCCCCCCCCCCCCCCCCCCCCCCCCCCCOCCOCCOCOCCCCCCCCCC	0.01
This molecule is hydrophobic.	CCCC=C(C=CCOP(CCCCCCCCCCCCCCCC(=O)O)OCCCCCCCCCCCCCCCC)CC=CC=C(C)c1ccc(OC=O)cc1	CC#CC(C(C#CC(=O)C=CCC)=CCC)=[PH](O)OCCCCCCCCCCCCCCCCCCCCCCCO	CCCCCCCCCCCCCCCCCCCCCCCCCCCCCCCCCCCCCCCCCCCCCCCCCCCCCCCCCCCCCCCCCCCCCCCCCCCCCCCCCCCCCCCCCCCCCCCCCCCCCCCCCCCCCCCCCCCCCCCCCCCCCCCCCCCCCCCCCCCCCCCCCCCCCCCCCCCCCCCCCCCCCCCCCCCCCCCCCCCCCCCCCCCCCCCCCCCCCCCCCCCCCCCCCCCCCCCCCCCCCCCCCCCCCCCCCCCCCCCCCCCCCCCCCCCCCCCCCCCCCCCCCCCCCCCCCCCCCCCCCCCCCCCCCCCCCCCCCCCCCCCCCCCCCCCCCCCCCCCCCCCCCCCCCCCCCCCCCCCCCCCCCCCCCCCCCCCCCCCCCCCCCCCCCCCCCCCCCCCCCCCCCCCCCCCCCCCCCCCCCCCCCCCCCCCCCCCCCCCCCCCCCCCCCCCCCCCCCCCCCCCCCCCCCCCCCCCCCCCCCCCCCCCCCCCCCCCCCCCCCCCCCCCCCCCOCCOCCOCOCCCCCCCCCC	0.005
This molecule is hydrophobic.	CCCC=C(C=CCOP(CCCCCCCCCCCCCCCC(=O)O)OCCCCCCCCCCCCCCCC)CC=CC=C(C)c1ccc(OC=O)cc1	CC#CC(C(C#CC(=O)C=CCC)=CCC)=[PH](O)OCCCCCCCCCCCCCCCCCCCCCCCO	CCCCCCCCCCCCCCCCCCCCCCCCCCCCCCCCCCCCCCCCCCCCCCCCCCCCCCCCCCCCCCCCCCCCCCCCCCCCCCCCCCCCCCCCCCCCCCCCCCCCCCCCCCCCCCCCCCCCCCCCCCCCCCCCCCCCCCCCCCCCCCCCCCCCCCCCCCCCCCCCCCCCCCCCCCCCCCCCCCCCCCCCCCCCCCCCCCCCCCCCCCCCCCCCCCCCCCCCCCCCCCCCCCCCCCCCCCCCCCCCCCCCCCCCCCCCCCCCCCCCCCCCCCCCCCCCCCCCCCCCCCCCCCCCCCCCCCCCCCCCCCCCCCCCCCCCCCCCCCCCCCCCCCCCCCCCCCCCCCCCCCCCCCCCCCCCCCCCCCCCCCCCCCCCCCCCCCCCCCCCCCCCCCCCCCCCCCCCCCCCCCCCCCCCCCCCCCCCCCCCCCCCCCCCCCCCCCCCCCCCCCCCCCCCCCCCCCCCCCCCCCCCCCCCCCCCCCCCCCCCCCCCCCCCCCCCCOCCOCOCCCCCCCCCCC	0.001
This molecule is hydrophobic.	CCCCCCCCCCCCCCCCOP(=O)(O)Oc1ccc(C=Cc2ccc(OP(=O)(O)OCCCCCCCCCCCCCCCC)cc2)cc1	CCCCCCCCCCCCCCCCCCOP(=O)(O)Oc1ccc(C=Cc2ccc(O[PH](O)(O)O)cc2)cc1	CCCCCCCCCCCCCCCCOP(=O)(O)Oc1ccc(C=Cc2ccc(O[PH](O)(O)O)cc2)cc1	10.0
This molecule is hydrophobic.	CCCCCCCCCCCCCCCCOP(=O)(O)Oc1ccc(C=Cc2ccc(OP(=O)(O)OCCCCCCCCCCCCCCCC)cc2)cc1	CCCCCCCCCCCCCCCCCCOP(=O)(O)Oc1ccc(C=Cc2ccc(O[PH](O)(O)O)cc2)cc1	CCCCCCCCCCCCCOP(=O)(O)Oc1ccc(C=Cc2ccc(O[PH](O)(O)O)cc2)cc1	1.0
This molecule is hydrophobic.	CCCCCCCCCCCCCCCCOP(=O)(O)Oc1ccc(C=Cc2ccc(OP(=O)(O)OCCCCCCCCCCCCCCCC)cc2)cc1	CCCCCCCCCCCCCCCCCCOP(=O)(O)Oc1ccc(C=Cc2ccc(O[PH](O)(O)O)cc2)cc1	CCCCCCCCCCCCO[Si](O)(O)Oc1ccc(C=Cc2ccccc2OCCCC)cc1C	0.1
This molecule is hydrophobic.	CCCCCCCCCCCCCCCCOP(=O)(O)Oc1ccc(C=Cc2ccc(OP(=O)(O)OCCCCCCCCCCCCCCCC)cc2)cc1	CCCCCCCCCCCCCCCCCCOP(=O)(O)Oc1ccc(C=Cc2ccc(O[PH](O)(O)O)cc2)cc1	CCCCCCCCCCCCO[Si](O)(O)Oc1ccc(C=Cc2ccccc2OCCCC)cc1	0.09
This molecule is hydrophobic.	CCCCCCCCCCCCCCCCOP(=O)(O)Oc1ccc(C=Cc2ccc(OP(=O)(O)OCCCCCCCCCCCCCCCC)cc2)cc1	CCCCCCCCCCCCCCCCCCOP(=O)(O)Oc1ccc(C=Cc2ccc(O[PH](O)(O)O)cc2)cc1	CCCCCCCCCCCCCO[Si](O)(O)OCCCCCCCCC	0.08
This molecule is hydrophobic.	CCCCCCCCCCCCCCCCOP(=O)(O)Oc1ccc(C=Cc2ccc(OP(=O)(O)OCCCCCCCCCCCCCCCC)cc2)cc1	CCCCCCCCCCCCCCCCCCOP(=O)(O)Oc1ccc(C=Cc2ccc(O[PH](O)(O)O)cc2)cc1	CCCCCCCCCCCCCO[C@@H](CO[Si](O)(O)OCC)OCCCCCCC	0.07
This molecule is hydrophobic.	CCCCCCCCCCCCCCCCOP(=O)(O)Oc1ccc(C=Cc2ccc(OP(=O)(O)OCCCCCCCCCCCCCCCC)cc2)cc1	CCCCCCCCCCCCCCCCCCOP(=O)(O)Oc1ccc(C=Cc2ccc(O[PH](O)(O)O)cc2)cc1	CCCCCCCCCCCCCCCCCCO[C@H](C)O[Si](O)(O)OCCCCC	0.06
This molecule is hydrophobic.	CCCCCCCCCCCCCCCCOP(=O)(O)Oc1ccc(C=Cc2ccc(OP(=O)(O)OCCCCCCCCCCCCCCCC)cc2)cc1	CCCCCCCCCCCCCCCCCCOP(=O)(O)Oc1ccc(C=Cc2ccc(O[PH](O)(O)O)cc2)cc1	CCCCCCCCCCCCCCCCCCO[C@H](C)O[Si](O)(O)OCCCCCC	0.05
This molecule is hydrophobic.	CCCCCCCCCCCCCCCCOP(=O)(O)Oc1ccc(C=Cc2ccc(OP(=O)(O)OCCCCCCCCCCCCCCCC)cc2)cc1	CCCCCCCCCCCCCCCCCCOP(=O)(O)Oc1ccc(C=Cc2ccc(O[PH](O)(O)O)cc2)cc1	CCCCCCCCCCCO[C@H](OC)OCCCCCCCCCCCCCCCCCCCCCCCCCCOC	0.01
This molecule is hydrophobic.	CCCCCCCCCCCCCCCCOP(=O)(O)Oc1ccc(C=Cc2ccc(OP(=O)(O)OCCCCCCCCCCCCCCCC)cc2)cc1	CCCCCCCCCCCCCCCCCCOP(=O)(O)Oc1ccc(C=Cc2ccc(O[PH](O)(O)O)cc2)cc1	CCCCCCCCCCCCCCCCCCCCCCCCCCCCCCCCCCCCCCCCCCCCCCCCCCCCCCCCCCCCCCCCCCCCCCCCCCCCCCCCCCCCCCCCCCCCCCCCCCCCCCCCCCCCCCCCCCCCCCCCCCCCCCCCCCCCCCCCCCCCCCCCCCCCCCCCCCCCCCCCCCCCCCCCCCCCCCCCCCCCCCCCCCCCCCCCCCCCCCCCCCCCCCCCCCCCCCCCCCCOCOCCCCCCCCCOCOCOCCOCOCCCCCCCOCOCCCCCCCCCCCCCCCCCCCCCCCCCCCCCCCCCCCCCOCOCOCOCOCCCCCOCOCOCOCCCCCCCCOCCCCCCCCCCOCCCCCCCCCCCCCCCOCCCCCCCCCCOCCCCCCCCOCOCOCOCOCOCOCCCCCCOCOCCCCCCCCCCCCCCCCCCCCCCCCCCCCCCCCCCCCCCCCCCCCCCCCCCCCCCCCOCOCCCCCCCCCCCCCOCCCCCCCCCCCCCCCCCCCCCCCCCCCCO[C@@H](OCC)OCCCCCCCCCCCCC	0.005
This molecule is hydrophobic.	CCCCCCCCCCCCCCCCOP(=O)(O)Oc1ccc(C=Cc2ccc(OP(=O)(O)OCCCCCCCCCCCCCCCC)cc2)cc1	CCCCCCCCCCCCCCCCCCOP(=O)(O)Oc1ccc(C=Cc2ccc(O[PH](O)(O)O)cc2)cc1	CCCCCCCCCCCCCCCCCCCCCCCCCCCCCCCCCCCCCCCCCCCCCCCCCCCCCCCCCCCCCCCCCCCCCCCCCCCCCCCCCCCCCCCCCCCCCCCCCCCCCCCCCCCCCCCCCCCCCCCCCCCCCCCCCCCCCCCCCCCCCCCCCCCCCCCCCCCCCCCCCCCCCCCCCCCCCCCCCCCCCCCCCCCCCCCCCCCCCCCCCCCCCCCCCCCCCCCCCCCOCOCCCCCCCCOCOCOCOCOCOCCCCCCCOCOCCCCCCCCCCCCCCCCCCCCCCCCCCCCCCCCCCCCCOCOCOCOCOCCCCCOCOCOCOCCCCCCCOCOCCCCCCCCCCCCCCCCCCCCCCCOCOCCCCCCCCCCCCCCCCCCCCOCOCOCCCOCOCCCCCCCCCCCCCCCCCCCCCCCCCCCCCCCCCCCCCCCCCCCCCCCCCCCCCCCCCCCCCCCCCCCOCCCCCCCOCCCCCCCCCCCCCCCCCCCCCCCCCCCCCCO[C@@H](OCCCCCC)OCCCCCCCCCCCCCC	0.001
This molecule is hydrophobic.	CCCCCCCCCCCCCCCCOP(=O)(O)Oc1ccc(C=Cc2ccc(OP(=O)(O)OCCCCCCCCCCCCCCCC)cc2)cc1	CCCCCCCCCCCCCCCCCCOP(=O)(O)Oc1ccc(C=Cc2ccc(O[PH](O)(O)O)cc2)cc1	CCCCCCCCCCCCCCCCOP(=O)(O)Oc1ccc(C=Cc2ccc(O[PH](O)(O)O)cc2)cc1	10.0
This molecule is hydrophobic.	CCCCCCCCCCCCCCCCOP(=O)(O)Oc1ccc(C=Cc2ccc(OP(=O)(O)OCCCCCCCCCCCCCCCC)cc2)cc1	CCCCCCCCCCCCCCCCCCOP(=O)(O)Oc1ccc(C=Cc2ccc(O[PH](O)(O)O)cc2)cc1	CCCCCCCCCCCCCOP(=O)(O)Oc1ccc(C=Cc2ccc(O[PH](O)(O)O)cc2)cc1	1.0
This molecule is hydrophobic.	CCCCCCCCCCCCCCCCOP(=O)(O)Oc1ccc(C=Cc2ccc(OP(=O)(O)OCCCCCCCCCCCCCCCC)cc2)cc1	CCCCCCCCCCCCCCCCCCOP(=O)(O)Oc1ccc(C=Cc2ccc(O[PH](O)(O)O)cc2)cc1	CCCCCCCCCCCCO[Si](O)(O)Oc1ccc(C=Cc2ccccc2OCCCC)cc1C	0.1
This molecule is hydrophobic.	CCCCCCCCCCCCCCCCOP(=O)(O)Oc1ccc(C=Cc2ccc(OP(=O)(O)OCCCCCCCCCCCCCCCC)cc2)cc1	CCCCCCCCCCCCCCCCCCOP(=O)(O)Oc1ccc(C=Cc2ccc(O[PH](O)(O)O)cc2)cc1	CCCCCCCCCCCCO[Si](O)(O)Oc1ccc(C=Cc2ccccc2OCCCC)cc1	0.09
This molecule is hydrophobic.	CCCCCCCCCCCCCCCCOP(=O)(O)Oc1ccc(C=Cc2ccc(OP(=O)(O)OCCCCCCCCCCCCCCCC)cc2)cc1	CCCCCCCCCCCCCCCCCCOP(=O)(O)Oc1ccc(C=Cc2ccc(O[PH](O)(O)O)cc2)cc1	CCCCCCCCCCCCCO[Si](O)(O)OCCCCCCCCC	0.08
This molecule is hydrophobic.	CCCCCCCCCCCCCCCCOP(=O)(O)Oc1ccc(C=Cc2ccc(OP(=O)(O)OCCCCCCCCCCCCCCCC)cc2)cc1	CCCCCCCCCCCCCCCCCCOP(=O)(O)Oc1ccc(C=Cc2ccc(O[PH](O)(O)O)cc2)cc1	CCCCCCCCCCCCCO[C@@H](CO[Si](O)(O)OCC)OCCCCCCC	0.07
This molecule is hydrophobic.	CCCCCCCCCCCCCCCCOP(=O)(O)Oc1ccc(C=Cc2ccc(OP(=O)(O)OCCCCCCCCCCCCCCCC)cc2)cc1	CCCCCCCCCCCCCCCCCCOP(=O)(O)Oc1ccc(C=Cc2ccc(O[PH](O)(O)O)cc2)cc1	CCCCCCCCCCCCCCCCCCO[C@H](C)O[Si](O)(O)OCCCCC	0.06
This molecule is hydrophobic.	CCCCCCCCCCCCCCCCOP(=O)(O)Oc1ccc(C=Cc2ccc(OP(=O)(O)OCCCCCCCCCCCCCCCC)cc2)cc1	CCCCCCCCCCCCCCCCCCOP(=O)(O)Oc1ccc(C=Cc2ccc(O[PH](O)(O)O)cc2)cc1	CCCCCCCCCCCCCCCCCCO[C@H](C)O[Si](O)(O)OCCCCCC	0.05
This molecule is hydrophobic.	CCCCCCCCCCCCCCCCOP(=O)(O)Oc1ccc(C=Cc2ccc(OP(=O)(O)OCCCCCCCCCCCCCCCC)cc2)cc1	CCCCCCCCCCCCCCCCCCOP(=O)(O)Oc1ccc(C=Cc2ccc(O[PH](O)(O)O)cc2)cc1	CCCCCCCO[C@H](O)OCCCCCCCCCCCCO[Si](O)(O)OCCCCCC	0.04
This molecule is hydrophobic.	CCCCCCCCCCCCCCCCOP(=O)(O)Oc1ccc(C=Cc2ccc(OP(=O)(O)OCCCCCCCCCCCCCCCC)cc2)cc1	CCCCCCCCCCCCCCCCCCOP(=O)(O)Oc1ccc(C=Cc2ccc(O[PH](O)(O)O)cc2)cc1	CCCCCCCCOCCCCCCCCCCCCO[C@@H](O)OCCCCCCCC	0.03
This molecule is hydrophobic.	CCCCCCCCCCCCCCCCOP(=O)(O)Oc1ccc(C=Cc2ccc(OP(=O)(O)OCCCCCCCCCCCCCCCC)cc2)cc1	CCCCCCCCCCCCCCCCCCOP(=O)(O)Oc1ccc(C=Cc2ccc(O[PH](O)(O)O)cc2)cc1	CCCCCCCCCOCCCCCCCCCCCCCO[C@@H](O)OCCCCCCCCC	0.02
This molecule is hydrophobic.	CCCCCCCCCCCCCCCCOP(=O)(O)Oc1ccc(C=Cc2ccc(OP(=O)(O)OCCCCCCCCCCCCCCCC)cc2)cc1	CCCCCCCCCCCCCCCCCCOP(=O)(O)Oc1ccc(C=Cc2ccc(O[PH](O)(O)O)cc2)cc1	CCCCCCCCCCCO[C@H](OC)OCCCCCCCCCCCCCCCCCCCCCCCCCCOC	0.01
This molecule is hydrophobic.	CCCCCCCCCCCCCCCCOP(=O)(O)Oc1ccc(C=Cc2ccc(OP(=O)(O)OCCCCCCCCCCCCCCCC)cc2)cc1	CCCCCCCCCCCCCCCCCCOP(=O)(O)Oc1ccc(C=Cc2ccc(O[PH](O)(O)O)cc2)cc1	CCCCCCCCCCCCCCCCCCCCCCCCCCCCCCCCCCCCCCCCCCCCCCCCCCCCCCCCCCCCCCCCCCCCCCCCCCCCCCCCCCCCCCCCCCCCCCCCCCCCCCCCCCCCCCCCCCCCCCCCCCCCCCCCCCCCCCCCCCCCCCCCCCCCCCCCCCCCCCCCCCCCCCCCCCCCCCCCCCCCCCCCCCCCCCCCCCCCCCCCCCCCCCCCCCCCCCCCCCCOCOCCCCCCCCCOCOCOCCOCOCCCCCCOCOCOCCCCCCCCCCCCCCCCCCCCCCCCCCCCCCCCCCCCOCOCOCOCOCCCCCCOCOCOCCCCCCCCCOCCCCCCCCOCOCCCCCCCCCCCCCCOCOCOCCCCCCCOCCCCCCCCCOCOCOCOCOCOCOCCCCOCOCOCCCCCOCCCCCCCCCCCCCCCCCCCCCCCCCCCCCCCCOCCCCCCCCCCCCCCCCOCCCCCCCCCCCCCCCCCCCOCCOCCCCCCCCCCCCCCCCCCCCCCCCO[C@@H](OC)OCCCCCCCCCCC	0.0095
This molecule is hydrophobic.	CCCCCCCCCCCCCCCCOP(=O)(O)Oc1ccc(C=Cc2ccc(OP(=O)(O)OCCCCCCCCCCCCCCCC)cc2)cc1	CCCCCCCCCCCCCCCCCCOP(=O)(O)Oc1ccc(C=Cc2ccc(O[PH](O)(O)O)cc2)cc1	CCCCCCCCCCCCCCCCCCCCCCCCCCCCCCCCCCCCCCCCCCCCCCCCCCCCCCCCCCCCCCCCCCCCCCCCCCCCCCCCCCCCCCCCCCCCCCCCCCCCCCCCCCCCCCCCCCCCCCCCCCCCCCCCCCCCCCCCCCCCCCCCCCCCCCCCCCCCCCCCCCCCCCCCCCCCCCCCCCCCCCCCCCCCCCCCCCCCCCCCCCCCCCCCCCCCCCCCCCCOCOCCCCCCCCCCOCOCCCOCOCCCCCCOCOCOCCCCCCCCCCCCCCCCCCCCCCCCCCCCCCCCCCCCOCOCOCOCOCCCCCCCOCOCOCCCCCCCCOCCCCCCCCOCOCCCCCCCCCCCCCCOCOCOCCCCCCCOCCCCCCCCOCOCOCOCOCOCOCOCCCOCOCOCCCCCOCCCCCCCCCCCCCCCCCCCCCCCCCCCCCCCCCCCCCCCCCCCCCCCCCOCCCCCCCCCCCCCCCCCCOCCOCCCCCCCCCCCCCCCCCCCCCCCCCO[C@@H](OC)OCCCCCCCCCCC	0.009
This molecule is hydrophobic.	CCCCCCCCCCCCCCCCOP(=O)(O)Oc1ccc(C=Cc2ccc(OP(=O)(O)OCCCCCCCCCCCCCCCC)cc2)cc1	CCCCCCCCCCCCCCCCCCOP(=O)(O)Oc1ccc(C=Cc2ccc(O[PH](O)(O)O)cc2)cc1	CCCCCCCCCCCCCCCCCCCCCCCCCCCCCCCCCCCCCCCCCCCCCCCCCCCCCCCCCCCCCCCCCCCCCCCCCCCCCCCCCCCCCCCCCCCCCCCCCCCCCCCCCCCCCCCCCCCCCCCCCCCCCCCCCCCCCCCCCCCCCCCCCCCCCOCOCCCCCCCCCCCCCCCCCCCCCCCCCCCCCCCCCCCCCCCCCCCCCCCCCCCCCCCCCCCCCCCCCOCOCOCOCCCCCOCOCOCOCOCOCOCCCCCOCOCOCOCCCCCCCCCCCCCCCCCCCCCCCCCCCCCCCOCOCOCOCOCOCOCCCOCOCOCOCCCCCCCCOCOCCCCCCCOCOCCCCCCCCCCCCOCOCCCCCCCCCCCCCCCCCCCCCCCOCOCCCCCCCCCCCCCCCCCCCCCCCCCCCCCCCCCCCCCCCCCCCCCCCCCCCCCCCCCCCCCCCCCCCCCCCCCOCCCCOCCOCCCCCCCCCCCCCCOCCCCCCCCCCCCCCCCCCCCCCO[C@@H](OC)OCCCCCCCCCCCC	0.008
This molecule is hydrophobic.	CCCCCCCCCCCCCCCCOP(=O)(O)Oc1ccc(C=Cc2ccc(OP(=O)(O)OCCCCCCCCCCCCCCCC)cc2)cc1	CCCCCCCCCCCCCCCCCCOP(=O)(O)Oc1ccc(C=Cc2ccc(O[PH](O)(O)O)cc2)cc1	CCCCCCCCCCCCCCCCCCCCCCCCCCCCCCCCCCCCCCCCCCCCCCCCCCCCCCCCCCCCCCCCCCCCCCCCCCCCCCCCCCCCCCCCCCCCCCCCCCCCCCCCCCCCCCCCCCCCCCCCCCCCCCCCCCCCCCCCCCCCCCCCCCCCCCCCCCCCCCCCCCCCCCCCCCCCCCCCCCCCCCCCCCCCCCCCCCCCCCCCCCCCCCCCCCCCCCCCCCCOCOCCCCCCCCCOCOCOCCOCOCCCCCCCOCOCCCCCCCCCCCCCCCCCCCCCCCCCCCCCCCCCCCCCOCOCOCOCOCCCCCOCOCOCOCCCCCCCCOCCCCCCCCCCOCCCCCCCCCCCCCCCOCCCCCCCCCCOCCCCCCCCOCOCOCOCOCOCOCCCCCCOCOCCCCCCCCCCCCCCCCCCCCCCCCCCCCCCCCCCCCCCCCCCCCCCCCCCCCCCCCOCOCCCCCCCCCCCCCOCCCCCCCCCCCCCCCCCCCCCCCCCCCCO[C@@H](OCC)OCCCCCCCCCCCCC	0.005
This molecule is hydrophobic.	CCCCCCCCCCCCCCCCOP(=O)(O)Oc1ccc(C=Cc2ccc(OP(=O)(O)OCCCCCCCCCCCCCCCC)cc2)cc1	CCCCCCCCCCCCCCCCCCOP(=O)(O)Oc1ccc(C=Cc2ccc(O[PH](O)(O)O)cc2)cc1	CCCCCCCCCCCCCCCCCCCCCCCCCCCCCCCCCCCCCCCCCCCCCCCCCCCCCCCCCCCCCCCCCCCCCCCCCCCCCCCCCCCCCCCCCCCCCCCCCCCCCCCCCCCCCCCCCCCCCCCCCCCCCCCCCCCCCCCCCCCCCCCCCCCCCCCCCCCCCCCCCCCCCCCCCCCCCCCCCCCCCCCCCCCCCCCCCCCCCCCCCCCCCCCCCCCCCCCCCCCOCOCCCCCCCCOCOCOCOCOCOCCCCCCCOCOCCCCCCCCCCCCCCCCCCCCCCCCCCCCCCCCCCCCCOCOCOCOCOCCCCCOCOCOCOCCCCCCCOCOCCCCCCCCCCCCCCCCCCCCCCCOCOCCCCCCCCCCCCCCCCCCCCOCOCOCCCOCOCCCCCCCCCCCCCCCCCCCCCCCCCCCCCCCCCCCCCCCCCCCCCCCCCCCCCCCCCCCCCCCCCCCOCCCCCCCOCCCCCCCCCCCCCCCCCCCCCCCCCCCCCCO[C@@H](OCCCCCC)OCCCCCCCCCCCCCC	0.001
This molecule is insoluble in water.	CCCCCCCCCCCCCCCCOP(=O)(O)Oc1ccc(C=Cc2ccc(OP(=O)(O)OCCCCCCCCCCCCCCCC)cc2)cc1	CCCCCCCCCCCCCCCCCCOP(=O)(O)Oc1ccc(C=Cc2ccc(O[PH](O)(O)O)cc2)cc1	CCCCCCCCCCCCCCCCCO[PH](O)(O)Oc1ccc(C=Cc2ccc(O[PH](O)(O)O)cc2)cc1	10.0
This molecule is insoluble in water.	CCCCCCCCCCCCCCCCOP(=O)(O)Oc1ccc(C=Cc2ccc(OP(=O)(O)OCCCCCCCCCCCCCCCC)cc2)cc1	CCCCCCCCCCCCCCCCCCOP(=O)(O)Oc1ccc(C=Cc2ccc(O[PH](O)(O)O)cc2)cc1	c1c(OC)ccc(C=c2ccc(O[C@@H]3CCCO[C@H]3C=C)cc2)c1OP(O)(O)=O	1.0
This molecule is insoluble in water.	CCCCCCCCCCCCCCCCOP(=O)(O)Oc1ccc(C=Cc2ccc(OP(=O)(O)OCCCCCCCCCCCCCCCC)cc2)cc1	CCCCCCCCCCCCCCCCCCOP(=O)(O)Oc1ccc(C=Cc2ccc(O[PH](O)(O)O)cc2)cc1	CCCCCCCC[C@H](O)Oc1cc(OC)ccc1C=Cc1ccc(O[PH](O)(O)O)cc1	0.1
This molecule is insoluble in water.	CCCCCCCCCCCCCCCCOP(=O)(O)Oc1ccc(C=Cc2ccc(OP(=O)(O)OCCCCCCCCCCCCCCCC)cc2)cc1	CCCCCCCCCCCCCCCCCCOP(=O)(O)Oc1ccc(C=Cc2ccc(O[PH](O)(O)O)cc2)cc1	C=C[C@@H]1OCCC[C@@H]1Oc1cc(OCCCCCC)ccc1C=Cc1ccc(O[PH](=O)(O)(O)O)cc1	0.09
This molecule is insoluble in water.	CCCCCCCCCCCCCCCCOP(=O)(O)Oc1ccc(C=Cc2ccc(OP(=O)(O)OCCCCCCCCCCCCCCCC)cc2)cc1	CCCCCCCCCCCCCCCCCCOP(=O)(O)Oc1ccc(C=Cc2ccc(O[PH](O)(O)O)cc2)cc1	c1c(O[C@@H]2CCOC2)ccc(C=Cc2ccc(OP(O)(O)(O)=O)cc2)cc1OCCCCCCCC	0.08
This molecule is insoluble in water.	CCCCCCCCCCCCCCCCOP(=O)(O)Oc1ccc(C=Cc2ccc(OP(=O)(O)OCCCCCCCCCCCCCCCC)cc2)cc1	CCCCCCCCCCCCCCCCCCOP(=O)(O)Oc1ccc(C=Cc2ccc(O[PH](O)(O)O)cc2)cc1	CCCCCCCCO[C@@H](O)Oc1ccc(O[C@@H]2CCCO[C@H]2C=Cc2ccc(OP(=O)(O)O)cc2)cc1	0.07
This molecule is insoluble in water.	CCCCCCCCCCCCCCCCOP(=O)(O)Oc1ccc(C=Cc2ccc(OP(=O)(O)OCCCCCCCCCCCCCCCC)cc2)cc1	CCCCCCCCCCCCCCCCCCOP(=O)(O)Oc1ccc(C=Cc2ccc(O[PH](O)(O)O)cc2)cc1	c1cc(O[C@@H]2CCOC2)ccc1C=Cc1ccc(O[C@H]2CCCOP(O)(O)(O)O)ccc1O[C@H]2O	0.06
This molecule is insoluble in water.	CCCCCCCCCCCCCCCCOP(=O)(O)Oc1ccc(C=Cc2ccc(OP(=O)(O)OCCCCCCCCCCCCCCCC)cc2)cc1	CCCCCCCCCCCCCCCCCCOP(=O)(O)Oc1ccc(C=Cc2ccc(O[PH](O)(O)O)cc2)cc1	c1cc(O[C@@H]2CCOC2)ccc1C=Cc1ccc(O[C@H]2CCCOP(O)(O)(O)O)ccc1O[C@H]2O	0.05
This molecule is insoluble in water.	CCCCCCCCCCCCCCCCOP(=O)(O)Oc1ccc(C=Cc2ccc(OP(=O)(O)OCCCCCCCCCCCCCCCC)cc2)cc1	CCCCCCCCCCCCCCCCCCOP(=O)(O)Oc1ccc(C=Cc2ccc(O[PH](O)(O)O)cc2)cc1	c1c(O[C@H]2CCOC2=O)ccc(C=Cc2ccc(OP(O)(O)(O)O)cc2O)cc1O[C@H](O)OCCCCCCCCC	0.04
This molecule is insoluble in water.	CCCCCCCCCCCCCCCCOP(=O)(O)Oc1ccc(C=Cc2ccc(OP(=O)(O)OCCCCCCCCCCCCCCCC)cc2)cc1	CCCCCCCCCCCCCCCCCCOP(=O)(O)Oc1ccc(C=Cc2ccc(O[PH](O)(O)O)cc2)cc1	c1c(O[C@H]2CCOC2=O)ccc(C=Cc2ccc(OP(O)(O)(O)O)cc2O)cc1O[C@H](O)OCCCCCCCCCCC	0.03
This molecule is insoluble in water.	CCCCCCCCCCCCCCCCOP(=O)(O)Oc1ccc(C=Cc2ccc(OP(=O)(O)OCCCCCCCCCCCCCCCC)cc2)cc1	CCCCCCCCCCCCCCCCCCOP(=O)(O)Oc1ccc(C=Cc2ccc(O[PH](O)(O)O)cc2)cc1	c1cc(O[C@H]2CCOC2)ccc(O[C@H]2OP(O)(O)(O)O)c2ccc(O[C@H](O)O)c(=C=Cc3ccccc32)c1O2=O	0.02
This molecule is insoluble in water.	CCCCCCCCCCCCCCCCOP(=O)(O)Oc1ccc(C=Cc2ccc(OP(=O)(O)OCCCCCCCCCCCCCCCC)cc2)cc1	CCCCCCCCCCCCCCCCCCOP(=O)(O)Oc1ccc(C=Cc2ccc(O[PH](O)(O)O)cc2)cc1	c1cc(O[C@H]2CCOC2=O)ccc(O[C@H]2OP(O)(O)(O)(=O)O)c2ccc(O)n2)c1O[C@H]2O[C@H](O)OC=O	0.01
This molecule is insoluble in water.	CCCCCCCCCCCCCCCCOP(=O)(O)Oc1ccc(C=Cc2ccc(OP(=O)(O)OCCCCCCCCCCCCCCCC)cc2)cc1	CCCCCCCCCCCCCCCCCCOP(=O)(O)Oc1ccc(C=Cc2ccc(O[PH](O)(O)O)cc2)cc1	c1cc(O[C@H]2CCOC2=O)ccc(O[C@H]2OP(O)(O)(O)(=O)O)c2cc2O[C@H]2O[C@H](O)O)c1O[C@H]2=C=C2Br	0.0099
This molecule is insoluble in water.	CCCCCCCCCCCCCCCCOP(=O)(O)Oc1ccc(C=Cc2ccc(OP(=O)(O)OCCCCCCCCCCCCCCCC)cc2)cc1	CCCCCCCCCCCCCCCCCCOP(=O)(O)Oc1ccc(C=Cc2ccc(O[PH](O)(O)O)cc2)cc1	c1cc(O[C@H]2CCOC2=O)ccc(O[C@H]2OP(O)(O)(=O)O)c2cc2O[C@H]2O[C@H](O)O[C@H]2OBr)c1=C=C2Br	0.0098
This molecule is insoluble in water.	CCCCCCCCCCCCCCCCOP(=O)(O)Oc1ccc(C=Cc2ccc(OP(=O)(O)OCCCCCCCCCCCCCCCC)cc2)cc1	CCCCCCCCCCCCCCCCCCOP(=O)(O)Oc1ccc(C=Cc2ccc(O[PH](O)(O)O)cc2)cc1	c1cc(O[C@H]2CCOC2=O)ccc(O[C@H]2OP(O)(O)(O)(=O)O)c2ccc(O)n2)c1O[C@H]2O[C@H](Br)OC=O	0.0097
This molecule is insoluble in water.	CCCCCCCCCCCCCCCCOP(=O)(O)Oc1ccc(C=Cc2ccc(OP(=O)(O)OCCCCCCCCCCCCCCCC)cc2)cc1	CCCCCCCCCCCCCCCCCCOP(=O)(O)Oc1ccc(C=Cc2ccc(O[PH](O)(O)O)cc2)cc1	c1c(O[C@H]2OP(=O)(O)O)ccc(C=Cc3ccc(O[C@H]4OP(O)(O)(O)(O)=O)c4ccc(O)n32)c1O[C@H]2=O	0.0095
This molecule is insoluble in water.	CCCCCCCCCCCCCCCCOP(=O)(O)Oc1ccc(C=Cc2ccc(OP(=O)(O)OCCCCCCCCCCCCCCCC)cc2)cc1	CCCCCCCCCCCCCCCCCCOP(=O)(O)Oc1ccc(C=Cc2ccc(O[PH](O)(O)O)cc2)cc1	c1cc(O[C@H]2CCOC2=O)ccc(O[C@H]2OP(O)(O)(O)(=O)O)c2cc2O[C@H]2O[C@H](O)O[C@H]2OBr)c1=C=C2	0.009
This molecule is insoluble in water.	CCCCCCCCCCCCCCCCOP(=O)(O)Oc1ccc(C=Cc2ccc(OP(=O)(O)OCCCCCCCCCCCCCCCC)cc2)cc1	CCCCCCCCCCCCCCCCCCOP(=O)(O)Oc1ccc(C=Cc2ccc(O[PH](O)(O)O)cc2)cc1	c1cc(O[C@H]2OP(O)(=O)O)cc2c1O[C@H]2OP(O)(O)O)O[C@H]2O[C@H](O)OCCCCCCCCCCCCCCCCCCO[C@H]2=O	0.008
This molecule is insoluble in water.	CCCCCCCCCCCCCCCCOP(=O)(O)Oc1ccc(C=Cc2ccc(OP(=O)(O)OCCCCCCCCCCCCCCCC)cc2)cc1	CCCCCCCCCCCCCCCCCCOP(=O)(O)Oc1ccc(C=Cc2ccc(O[PH](O)(O)O)cc2)cc1	C1CCOP(O)(O)=Cc2ccc(O[C@H](OP(O)(O)(O)(O)=O)O)c2O[C@H]2O[C@H]2O[C@H](O)O)[C@H]1OBr	0.005
This molecule is insoluble in water.	CCCCCCCCCCCCCCCCOP(=O)(O)Oc1ccc(C=Cc2ccc(OP(=O)(O)OCCCCCCCCCCCCCCCC)cc2)cc1	CCCCCCCCCCCCCCCCCCOP(=O)(O)Oc1ccc(C=Cc2ccc(O[PH](O)(O)O)cc2)cc1	c1cc(O[C@H]2OP(O)(=O)O)cc2c1O[C@H]2OP(O)(O)(O)O)O[C@H]2O[C@H](O)OCCCCCCCCCCCCCCCCCC=C=CO	0.001
This molecule is soluble in water.	CCCCCCCCCCCCCCCCOP(=O)(O)Oc1ccc(C=Cc2ccc(OP(=O)(O)OCCCCCCCCCCCCCCCC)cc2)cc1	CCCCCCCCCCCCCCCCCCOP(=O)(O)Oc1ccc(C=Cc2ccc(O[PH](O)(O)O)cc2)cc1	CCCCCCCCCCCCCCCCCO[PH](O)(O)Oc1ccc(C=Cc2ccc(O[PH](O)(O)O)cc2)cc1	10.0
This molecule is soluble in water.	CCCCCCCCCCCCCCCCOP(=O)(O)Oc1ccc(C=Cc2ccc(OP(=O)(O)OCCCCCCCCCCCCCCCC)cc2)cc1	CCCCCCCCCCCCCCCCCCOP(=O)(O)Oc1ccc(C=Cc2ccc(O[PH](O)(O)O)cc2)cc1	CCCCCCCCCCOB(O)Oc1ccc(C=Cc2ccc(O)cc2)cc1	1.0
This molecule is soluble in water.	CCCCCCCCCCCCCCCCOP(=O)(O)Oc1ccc(C=Cc2ccc(OP(=O)(O)OCCCCCCCCCCCCCCCC)cc2)cc1	CCCCCCCCCCCCCCCCCCOP(=O)(O)Oc1ccc(C=Cc2ccc(O[PH](O)(O)O)cc2)cc1	CCCCCCCCCOB(O)OB(O)O	0.1
This molecule is soluble in water.	CCCCCCCCCCCCCCCCOP(=O)(O)Oc1ccc(C=Cc2ccc(OP(=O)(O)OCCCCCCCCCCCCCCCC)cc2)cc1	CCCCCCCCCCCCCCCCCCOP(=O)(O)Oc1ccc(C=Cc2ccc(O[PH](O)(O)O)cc2)cc1	C(CCCCCC)CCO[C@@H](C)OP(O)(O)=Cc1ccc(O[C@H]2CCOC2=O)ccc1	0.09
This molecule is soluble in water.	CCCCCCCCCCCCCCCCOP(=O)(O)Oc1ccc(C=Cc2ccc(OP(=O)(O)OCCCCCCCCCCCCCCCC)cc2)cc1	CCCCCCCCCCCCCCCCCCOP(=O)(O)Oc1ccc(C=Cc2ccc(O[PH](O)(O)O)cc2)cc1	C(CCCCCC)CCO[C@@H](C)OP(O)(O)=Cc1ccc(O[C@H]2CCOC2=O)ccc1	0.08
This molecule is soluble in water.	CCCCCCCCCCCCCCCCOP(=O)(O)Oc1ccc(C=Cc2ccc(OP(=O)(O)OCCCCCCCCCCCCCCCC)cc2)cc1	CCCCCCCCCCCCCCCCCCOP(=O)(O)Oc1ccc(C=Cc2ccc(O[PH](O)(O)O)cc2)cc1	CCCCCCCCO[C@@H](C)OC(=O)c1ccc(C=Cc2ccc(O)nn2)s1	0.07
This molecule is soluble in water.	CCCCCCCCCCCCCCCCOP(=O)(O)Oc1ccc(C=Cc2ccc(OP(=O)(O)OCCCCCCCCCCCCCCCC)cc2)cc1	CCCCCCCCCCCCCCCCCCOP(=O)(O)Oc1ccc(C=Cc2ccc(O[PH](O)(O)O)cc2)cc1	C(CCCCCC)CO[C@@H](C)OP(O)(O)=Cc1ccc(O[C@H]2CCOC2=O)ccc1C=C	0.06
This molecule is soluble in water.	CCCCCCCCCCCCCCCCOP(=O)(O)Oc1ccc(C=Cc2ccc(OP(=O)(O)OCCCCCCCCCCCCCCCC)cc2)cc1	CCCCCCCCCCCCCCCCCCOP(=O)(O)Oc1ccc(C=Cc2ccc(O[PH](O)(O)O)cc2)cc1	CCCCCCCCO[C@@H](C)OP(O)(O)=Cc1ccc(O[C@H]2CCOC2=O)s1	0.05
This molecule is soluble in water.	CCCCCCCCCCCCCCCCOP(=O)(O)Oc1ccc(C=Cc2ccc(OP(=O)(O)OCCCCCCCCCCCCCCCC)cc2)cc1	CCCCCCCCCCCCCCCCCCOP(=O)(O)Oc1ccc(C=Cc2ccc(O[PH](O)(O)O)cc2)cc1	C(CCCCCC)CO[C@@H](C)O[C@H](C)[N+](=O)O)=C1s2ccc(O[C@H]2OB2O)sc2C=C1	0.04
This molecule is soluble in water.	CCCCCCCCCCCCCCCCOP(=O)(O)Oc1ccc(C=Cc2ccc(OP(=O)(O)OCCCCCCCCCCCCCCCC)cc2)cc1	CCCCCCCCCCCCCCCCCCOP(=O)(O)Oc1ccc(C=Cc2ccc(O[PH](O)(O)O)cc2)cc1	C(CCCCC)CCCO[C@H](C)OP(O)(O)(=O)O[C@H]1CCCn2ccc(C=C)nc21	0.03
This molecule is soluble in water.	CCCCCCCCCCCCCCCCOP(=O)(O)Oc1ccc(C=Cc2ccc(OP(=O)(O)OCCCCCCCCCCCCCCCC)cc2)cc1	CCCCCCCCCCCCCCCCCCOP(=O)(O)Oc1ccc(C=Cc2ccc(O[PH](O)(O)O)cc2)cc1	C(CCCCC)CCCO[C@H](C(=O)O)O[C@H](C)[N+](=O)O)=C1s2ccc(O)n2C=C1	0.02
This molecule is soluble in water.	CCCCCCCCCCCCCCCCOP(=O)(O)Oc1ccc(C=Cc2ccc(OP(=O)(O)OCCCCCCCCCCCCCCCC)cc2)cc1	CCCCCCCCCCCCCCCCCCOP(=O)(O)Oc1ccc(C=Cc2ccc(O[PH](O)(O)O)cc2)cc1	C(CCCCC)CCCO[C@H](O)(=O)O[C@H](C)O[C@H]1C=Cc2ccc(C=C)nn21	0.01
This molecule is soluble in water.	CCCCCCCCCCCCCCCCOP(=O)(O)Oc1ccc(C=Cc2ccc(OP(=O)(O)OCCCCCCCCCCCCCCCC)cc2)cc1	CCCCCCCCCCCCCCCCCCOP(=O)(O)Oc1ccc(C=Cc2ccc(O[PH](O)(O)O)cc2)cc1	C(CCCCC)CCCO[C@H](O)(=O)O[C@H](C)O[C@H]1C=Cc2ccc(C=C)nn21O	0.0099
This molecule is soluble in water.	CCCCCCCCCCCCCCCCOP(=O)(O)Oc1ccc(C=Cc2ccc(OP(=O)(O)OCCCCCCCCCCCCCCCC)cc2)cc1	CCCCCCCCCCCCCCCCCCOP(=O)(O)Oc1ccc(C=Cc2ccc(O[PH](O)(O)O)cc2)cc1	C(CCCCC)CCCO[C@H](O)(=O)O[C@H](C)O[C@H]1C=Cc2ccc(C=C)nn21O	0.0098
This molecule is soluble in water.	CCCCCCCCCCCCCCCCOP(=O)(O)Oc1ccc(C=Cc2ccc(OP(=O)(O)OCCCCCCCCCCCCCCCC)cc2)cc1	CCCCCCCCCCCCCCCCCCOP(=O)(O)Oc1ccc(C=Cc2ccc(O[PH](O)(O)O)cc2)cc1	C(CCCCC)CCCO[C@H](O)(=O)O[C@H](C)O[C@H]1C=Cc2ccc(C=C)nn21O	0.0097
This molecule is soluble in water.	CCCCCCCCCCCCCCCCOP(=O)(O)Oc1ccc(C=Cc2ccc(OP(=O)(O)OCCCCCCCCCCCCCCCC)cc2)cc1	CCCCCCCCCCCCCCCCCCOP(=O)(O)Oc1ccc(C=Cc2ccc(O[PH](O)(O)O)cc2)cc1	C(CCCCC)CCCO[C@H](O)(=O)O[C@H](C)O[C@H]1C=Cc2ccc(C=C)nn21O	0.0095
This molecule is soluble in water.	CCCCCCCCCCCCCCCCOP(=O)(O)Oc1ccc(C=Cc2ccc(OP(=O)(O)OCCCCCCCCCCCCCCCC)cc2)cc1	CCCCCCCCCCCCCCCCCCOP(=O)(O)Oc1ccc(C=Cc2ccc(O[PH](O)(O)O)cc2)cc1	C(CCCCC)CCCO[C@H](O)(=O)O[C@H](C)O[C@H]1C=Cc2ccc(C=C)nn21O	0.009
This molecule is soluble in water.	CCCCCCCCCCCCCCCCOP(=O)(O)Oc1ccc(C=Cc2ccc(OP(=O)(O)OCCCCCCCCCCCCCCCC)cc2)cc1	CCCCCCCCCCCCCCCCCCOP(=O)(O)Oc1ccc(C=Cc2ccc(O[PH](O)(O)O)cc2)cc1	C(CCCCC)CCCO[C@H](O)(=O)O[C@H](C)O[C@H]1C=C1=Cc1sc2ccc(O)n21	0.008
This molecule is soluble in water.	CCCCCCCCCCCCCCCCOP(=O)(O)Oc1ccc(C=Cc2ccc(OP(=O)(O)OCCCCCCCCCCCCCCCC)cc2)cc1	CCCCCCCCCCCCCCCCCCOP(=O)(O)Oc1ccc(C=Cc2ccc(O[PH](O)(O)O)cc2)cc1	C(CCCCC)CCCO[C@H](O)(=O)O[C@H](C)O[C@H]1C=C1=Cc1sc2n(n2)O[C@H]2O[C@H]2[C@H]1C=C	0.005
This molecule is soluble in water.	CCCCCCCCCCCCCCCCOP(=O)(O)Oc1ccc(C=Cc2ccc(OP(=O)(O)OCCCCCCCCCCCCCCCC)cc2)cc1	CCCCCCCCCCCCCCCCCCOP(=O)(O)Oc1ccc(C=Cc2ccc(O[PH](O)(O)O)cc2)cc1	C(CCCCC)CCCO[C@H](O)(=O)O[C@H](C)O[C@H]1C=C1=Cs1c2ccc(O)n21	0.001
